[
  {
    "user_id": 39,
    "quiz_id": 164,
    "submission_id": 188,
    "score": 19.0,
    "quiz_points_possible": 20.0,
    "time_spent": 13,
    "attempt": 1,
    "workflow_state": "complete"
  },
  {
    "user_id": 40,
    "quiz_id": 164,
    "submission_id": 203,
    "score": 18.0,
    "quiz_points_possible": 20.0,
    "time_spent": 13,
    "attempt": 1,
    "workflow_state": "complete"
  },
  {
    "user_id": 41,
    "quiz_id": 164,
    "submission_id": 220,
    "score": 15.0,
    "quiz_points_possible": 20.0,
    "time_spent": 13,
    "attempt": 1,
    "workflow_state": "complete"
  },
  {
    "user_id": 42,
    "quiz_id": 164,
    "submission_id": 234,
    "score": 15.0,
    "quiz_points_possible": 20.0,
    "time_spent": 13,
    "attempt": 1,
    "workflow_state": "complete"
  },
  {
    "user_id": 43,
    "quiz_id": 164,
    "submission_id": 248,
    "score": 17.0,
    "quiz_points_possible": 20.0,
    "time_spent": 13,
    "attempt": 1,
    "workflow_state": "complete"
  },
  {
    "user_id": 45,
    "quiz_id": 164,
    "submission_id": 266,
    "score": 17.0,
    "quiz_points_possible": 20.0,
    "time_spent": 13,
    "attempt": 1,
    "workflow_state": "complete"
  },
  {
    "user_id": 46,
    "quiz_id": 164,
    "submission_id": 268,
    "score": 19.0,
    "quiz_points_possible": 20.0,
    "time_spent": 13,
    "attempt": 1,
    "workflow_state": "complete"
  },
  {
    "user_id": 47,
    "quiz_id": 164,
    "submission_id": 285,
    "score": 17.0,
    "quiz_points_possible": 20.0,
    "time_spent": 13,
    "attempt": 1,
    "workflow_state": "complete"
  },
  {
    "user_id": 48,
    "quiz_id": 164,
    "submission_id": 301,
    "score": 16.0,
    "quiz_points_possible": 20.0,
    "time_spent": 13,
    "attempt": 1,
    "workflow_state": "complete"
  },
  {
    "user_id": 49,
    "quiz_id": 164,
    "submission_id": 317,
    "score": 19.0,
    "quiz_points_possible": 20.0,
    "time_spent": 13,
    "attempt": 1,
    "workflow_state": "complete"
  },
  {
    "user_id": 50,
    "quiz_id": 164,
    "submission_id": 334,
    "score": 17.0,
    "quiz_points_possible": 20.0,
    "time_spent": 13,
    "attempt": 1,
    "workflow_state": "complete"
  },
  {
    "user_id": 51,
    "quiz_id": 164,
    "submission_id": 336,
    "score": 17.0,
    "quiz_points_possible": 20.0,
    "time_spent": 14,
    "attempt": 1,
    "workflow_state": "complete"
  },
  {
    "user_id": 52,
    "quiz_id": 164,
    "submission_id": 355,
    "score": 18.0,
    "quiz_points_possible": 20.0,
    "time_spent": 12,
    "attempt": 1,
    "workflow_state": "complete"
  },
  {
    "user_id": 54,
    "quiz_id": 164,
    "submission_id": 377,
    "score": 18.0,
    "quiz_points_possible": 20.0,
    "time_spent": 14,
    "attempt": 1,
    "workflow_state": "complete"
  },
  {
    "user_id": 55,
    "quiz_id": 164,
    "submission_id": 399,
    "score": 16.0,
    "quiz_points_possible": 20.0,
    "time_spent": 13,
    "attempt": 1,
    "workflow_state": "complete"
  },
  {
    "user_id": 56,
    "quiz_id": 164,
    "submission_id": 419,
    "score": 19.0,
    "quiz_points_possible": 20.0,
    "time_spent": 13,
    "attempt": 1,
    "workflow_state": "complete"
  },
  {
    "user_id": 57,
    "quiz_id": 164,
    "submission_id": 443,
    "score": 14.0,
    "quiz_points_possible": 20.0,
    "time_spent": 13,
    "attempt": 1,
    "workflow_state": "complete"
  },
  {
    "user_id": 58,
    "quiz_id": 164,
    "submission_id": 466,
    "score": 15.0,
    "quiz_points_possible": 20.0,
    "time_spent": 13,
    "attempt": 1,
    "workflow_state": "complete"
  },
  {
    "user_id": 59,
    "quiz_id": 164,
    "submission_id": 492,
    "score": 18.0,
    "quiz_points_possible": 20.0,
    "time_spent": 16,
    "attempt": 1,
    "workflow_state": "complete"
  },
  {
    "user_id": 60,
    "quiz_id": 164,
    "submission_id": 516,
    "score": 17.0,
    "quiz_points_possible": 20.0,
    "time_spent": 16,
    "attempt": 1,
    "workflow_state": "complete"
  },
  {
    "user_id": 62,
    "quiz_id": 164,
    "submission_id": 543,
    "score": 16.0,
    "quiz_points_possible": 20.0,
    "time_spent": 13,
    "attempt": 1,
    "workflow_state": "complete"
  },
  {
    "user_id": 63,
    "quiz_id": 164,
    "submission_id": 569,
    "score": 17.0,
    "quiz_points_possible": 20.0,
    "time_spent": 13,
    "attempt": 1,
    "workflow_state": "complete"
  },
  {
    "user_id": 64,
    "quiz_id": 164,
    "submission_id": 589,
    "score": 19.0,
    "quiz_points_possible": 20.0,
    "time_spent": 13,
    "attempt": 1,
    "workflow_state": "complete"
  },
  {
    "user_id": 65,
    "quiz_id": 164,
    "submission_id": 613,
    "score": 18.0,
    "quiz_points_possible": 20.0,
    "time_spent": 13,
    "attempt": 1,
    "workflow_state": "complete"
  },
  {
    "user_id": 66,
    "quiz_id": 164,
    "submission_id": 637,
    "score": 13.0,
    "quiz_points_possible": 20.0,
    "time_spent": 13,
    "attempt": 1,
    "workflow_state": "complete"
  }
]