{
  "id": "lesson_bai-02-ngon-ngu-lap-trinh-c-number-can-ban",
  "title": "lesson_bai-02-ngon-ngu-lap-trinh-c-number-can-ban",
  "body": "<h1>🧩 BÀI 02 – NGÔN NGỮ LẬP TRÌNH C# CĂN BẢN</h1><h2>🎯 Mục tiêu học tập</h2><ul>  <li>Hiểu cú pháp và đặc điểm cơ bản của ngôn ngữ C# trong .NET Framework.</li>  <li>Nắm rõ cách khai báo biến, kiểu dữ liệu, toán tử và câu lệnh điều khiển.</li>  <li>Phân biệt kiểu giá trị (Value Type) và kiểu tham chiếu (Reference Type).</li>  <li>Thực hành viết các chương trình console cơ bản.</li>  <li>Phân tích lỗi cú pháp và luồng điều khiển trong chương trình C#.</li></ul><hr><h2>1. Tổng quan về C#</h2><p><b>C# (C Sharp)</b> là ngôn ngữ lập trình hướng đối tượng được Microsoft phát triển trên nền tảng .NET. Nó kết hợp sức mạnh của C++ với tính đơn giản và bảo mật của Java.</p><p><b>Đặc điểm nổi bật:</b></p><ul>  <li>Hướng đối tượng hoàn toàn (pure OOP).</li>  <li>Hỗ trợ quản lý bộ nhớ tự động (Garbage Collection).</li>  <li>Đa nền tảng (Windows, macOS, Linux).</li>  <li>Tích hợp LINQ, Async/Await, Generics và Reflection.</li></ul><hr><h2>2. Cấu trúc chương trình C#</h2><p>Mỗi chương trình C# đều có phương thức <code>Main()</code> – điểm bắt đầu của chương trình.</p><pre><code>using System;namespace DemoApp{    class Program    {        static void Main(string[] args)        {            Console.WriteLine(\"Chào mừng đến với C#\");        }    }}</code></pre><p><b>Giải thích:</b></p><ul>  <li><code>using System;</code> – khai báo sử dụng namespace chứa lớp <b>Console</b>.</li>  <li><code>namespace</code> – không gian tên chứa các lớp và phương thức.</li>  <li><code>Main()</code> – điểm bắt đầu thực thi của chương trình.</li></ul><hr><h2>3. Kiểu dữ liệu và biến</h2><p>C# có hai nhóm kiểu dữ liệu:</p><ul>  <li><b>Kiểu giá trị (Value Type):</b> int, double, bool, char, struct.</li>  <li><b>Kiểu tham chiếu (Reference Type):</b> string, object, class, array.</li></ul><pre><code>int age = 20;string name = \"Minh\";bool isStudent = true;Console.WriteLine($\"Tên: {name}, Tuổi: {age}, SV: {isStudent}\");</code></pre><hr><h2>4. Toán tử và biểu thức</h2><p>C# hỗ trợ các nhóm toán tử phổ biến:</p><ul>  <li>Số học: +, -, *, /, %</li>  <li>Logic: &amp;&amp;, ||, !</li>  <li>So sánh: ==, !=, &lt;, &gt;, &lt;=, &gt;=</li>  <li>Gán và rút gọn: =, +=, -=, *=, /=</li></ul><pre><code>int a = 10, b = 3;Console.WriteLine(a / b); // 3 (chia lấy phần nguyên)Console.WriteLine((double)a / b); // 3.333...</code></pre><hr><h2>5. Câu lệnh điều kiện</h2><p>C# cung cấp các cấu trúc điều kiện linh hoạt:</p><pre><code>int x = 5;if (x &gt; 0)    Console.WriteLine(\"Số dương\");else if (x &lt; 0)    Console.WriteLine(\"Số âm\");else    Console.WriteLine(\"Bằng 0\");</code></pre><p><b>Toán tử 3 ngôi:</b></p><pre><code>string result = (x % 2 == 0) ? \"Chẵn\" : \"Lẻ\";</code></pre><hr><h2>6. Vòng lặp và mảng</h2><pre><code>int[] arr = {1, 2, 3, 4, 5};foreach (int n in arr)    Console.Write(n + \" \");</code></pre><p>Kết quả: <b>1 2 3 4 5</b></p><p><b>Vòng lặp While:</b></p><pre><code>int i = 0;while (i &lt; 3){    Console.WriteLine(i);    i++;}</code></pre><hr><h2>7. Phương thức (Method)</h2><pre><code>static int Sum(int a, int b){    return a + b;}static void Main(){    Console.WriteLine(Sum(3, 5)); // 8}</code></pre><p>C# hỗ trợ overload (nạp chồng) phương thức cùng tên khác tham số:</p><pre><code>int Sum(int a, int b, int c) =&gt; a + b + c;</code></pre><hr><h2>8. Xử lý lỗi (Exception Handling)</h2><pre><code>try{    int x = 10, y = 0;    Console.WriteLine(x / y);}catch (DivideByZeroException ex){    Console.WriteLine($\"Lỗi: {ex.Message}\");}finally{    Console.WriteLine(\"Kết thúc chương trình\");}</code></pre><p><b>Output:</b> Lỗi: Attempted to divide by zero.</p><hr><h2>🧠 Bài tập thực hành</h2><ol>  <li>Viết chương trình nhập 2 số và in ra tổng, hiệu, tích, thương.</li>  <li>Viết chương trình kiểm tra số nguyên tố.</li>  <li>Viết chương trình tính tổng mảng và tìm phần tử lớn nhất.</li>  <li>Thực hành bắt lỗi khi nhập sai kiểu dữ liệu (FormatException).</li></ol><hr><h2>✅ Tổng kết</h2><ul>  <li>C# là ngôn ngữ hiện đại, an toàn và mạnh mẽ trên nền tảng .NET.</li>  <li>Nắm vững cú pháp cơ bản giúp bạn sẵn sàng học OOP, Event và Windows Form.</li>  <li>Luôn kiểm soát luồng điều khiển và xử lý lỗi hợp lý trong chương trình.</li></ul>",
  "updated_at": null
}