[
  {
    "user_id": 39,
    "quiz_id": 160,
    "submission_id": 65,
    "score": 18.0,
    "quiz_points_possible": 20.0,
    "time_spent": 13,
    "attempt": 4,
    "workflow_state": "complete"
  },
  {
    "user_id": 40,
    "quiz_id": 160,
    "submission_id": 72,
    "score": 19.0,
    "quiz_points_possible": 20.0,
    "time_spent": 13,
    "attempt": 4,
    "workflow_state": "complete"
  },
  {
    "user_id": 41,
    "quiz_id": 160,
    "submission_id": 79,
    "score": 16.0,
    "quiz_points_possible": 20.0,
    "time_spent": 13,
    "attempt": 2,
    "workflow_state": "complete"
  },
  {
    "user_id": 42,
    "quiz_id": 160,
    "submission_id": 89,
    "score": 12.0,
    "quiz_points_possible": 20.0,
    "time_spent": 13,
    "attempt": 2,
    "workflow_state": "complete"
  },
  {
    "user_id": 43,
    "quiz_id": 160,
    "submission_id": 97,
    "score": 17.0,
    "quiz_points_possible": 20.0,
    "time_spent": 13,
    "attempt": 2,
    "workflow_state": "complete"
  },
  {
    "user_id": 45,
    "quiz_id": 160,
    "submission_id": 114,
    "score": 15.0,
    "quiz_points_possible": 20.0,
    "time_spent": 13,
    "attempt": 2,
    "workflow_state": "complete"
  },
  {
    "user_id": 46,
    "quiz_id": 160,
    "submission_id": 120,
    "score": 18.0,
    "quiz_points_possible": 20.0,
    "time_spent": 13,
    "attempt": 2,
    "workflow_state": "complete"
  },
  {
    "user_id": 47,
    "quiz_id": 160,
    "submission_id": 131,
    "score": 17.0,
    "quiz_points_possible": 20.0,
    "time_spent": 13,
    "attempt": 2,
    "workflow_state": "complete"
  },
  {
    "user_id": 48,
    "quiz_id": 160,
    "submission_id": 139,
    "score": 17.0,
    "quiz_points_possible": 20.0,
    "time_spent": 13,
    "attempt": 2,
    "workflow_state": "complete"
  },
  {
    "user_id": 49,
    "quiz_id": 160,
    "submission_id": 142,
    "score": 18.0,
    "quiz_points_possible": 20.0,
    "time_spent": 13,
    "attempt": 2,
    "workflow_state": "complete"
  },
  {
    "user_id": 50,
    "quiz_id": 160,
    "submission_id": 152,
    "score": 16.0,
    "quiz_points_possible": 20.0,
    "time_spent": 13,
    "attempt": 2,
    "workflow_state": "complete"
  },
  {
    "user_id": 51,
    "quiz_id": 160,
    "submission_id": 160,
    "score": 18.0,
    "quiz_points_possible": 20.0,
    "time_spent": 14,
    "attempt": 2,
    "workflow_state": "complete"
  },
  {
    "user_id": 52,
    "quiz_id": 160,
    "submission_id": 168,
    "score": 20.0,
    "quiz_points_possible": 20.0,
    "time_spent": 13,
    "attempt": 2,
    "workflow_state": "complete"
  },
  {
    "user_id": 44,
    "quiz_id": 160,
    "submission_id": 264,
    "score": 13.0,
    "quiz_points_possible": 20.0,
    "time_spent": 13,
    "attempt": 1,
    "workflow_state": "complete"
  },
  {
    "user_id": 53,
    "quiz_id": 160,
    "submission_id": 368,
    "score": 15.0,
    "quiz_points_possible": 20.0,
    "time_spent": 13,
    "attempt": 1,
    "workflow_state": "complete"
  },
  {
    "user_id": 54,
    "quiz_id": 160,
    "submission_id": 371,
    "score": 18.0,
    "quiz_points_possible": 20.0,
    "time_spent": 16,
    "attempt": 1,
    "workflow_state": "complete"
  },
  {
    "user_id": 55,
    "quiz_id": 160,
    "submission_id": 394,
    "score": 16.0,
    "quiz_points_possible": 20.0,
    "time_spent": 15,
    "attempt": 1,
    "workflow_state": "complete"
  },
  {
    "user_id": 56,
    "quiz_id": 160,
    "submission_id": 410,
    "score": 18.0,
    "quiz_points_possible": 20.0,
    "time_spent": 14,
    "attempt": 1,
    "workflow_state": "complete"
  },
  {
    "user_id": 57,
    "quiz_id": 160,
    "submission_id": 434,
    "score": 12.0,
    "quiz_points_possible": 20.0,
    "time_spent": 13,
    "attempt": 1,
    "workflow_state": "complete"
  },
  {
    "user_id": 58,
    "quiz_id": 160,
    "submission_id": 458,
    "score": 17.0,
    "quiz_points_possible": 20.0,
    "time_spent": 13,
    "attempt": 1,
    "workflow_state": "complete"
  },
  {
    "user_id": 59,
    "quiz_id": 160,
    "submission_id": 481,
    "score": 19.0,
    "quiz_points_possible": 20.0,
    "time_spent": 13,
    "attempt": 1,
    "workflow_state": "complete"
  },
  {
    "user_id": 60,
    "quiz_id": 160,
    "submission_id": 508,
    "score": 15.0,
    "quiz_points_possible": 20.0,
    "time_spent": 16,
    "attempt": 1,
    "workflow_state": "complete"
  },
  {
    "user_id": 62,
    "quiz_id": 160,
    "submission_id": 536,
    "score": 18.0,
    "quiz_points_possible": 20.0,
    "time_spent": 13,
    "attempt": 1,
    "workflow_state": "complete"
  },
  {
    "user_id": 63,
    "quiz_id": 160,
    "submission_id": 558,
    "score": 17.0,
    "quiz_points_possible": 20.0,
    "time_spent": 13,
    "attempt": 1,
    "workflow_state": "complete"
  },
  {
    "user_id": 64,
    "quiz_id": 160,
    "submission_id": 583,
    "score": 18.0,
    "quiz_points_possible": 20.0,
    "time_spent": 13,
    "attempt": 1,
    "workflow_state": "complete"
  },
  {
    "user_id": 65,
    "quiz_id": 160,
    "submission_id": 605,
    "score": 19.0,
    "quiz_points_possible": 20.0,
    "time_spent": 13,
    "attempt": 1,
    "workflow_state": "complete"
  },
  {
    "user_id": 66,
    "quiz_id": 160,
    "submission_id": 627,
    "score": 13.0,
    "quiz_points_possible": 20.0,
    "time_spent": 13,
    "attempt": 1,
    "workflow_state": "complete"
  }
]