[
  {
    "user_id": 39,
    "quiz_id": 155,
    "submission_id": 67,
    "score": 19.0,
    "quiz_points_possible": 20.0,
    "time_spent": 14,
    "attempt": 4,
    "workflow_state": "complete"
  },
  {
    "user_id": 40,
    "quiz_id": 155,
    "submission_id": 70,
    "score": 19.0,
    "quiz_points_possible": 20.0,
    "time_spent": 13,
    "attempt": 4,
    "workflow_state": "complete"
  },
  {
    "user_id": 41,
    "quiz_id": 155,
    "submission_id": 81,
    "score": 16.0,
    "quiz_points_possible": 20.0,
    "time_spent": 13,
    "attempt": 2,
    "workflow_state": "complete"
  },
  {
    "user_id": 42,
    "quiz_id": 155,
    "submission_id": 90,
    "score": 12.0,
    "quiz_points_possible": 20.0,
    "time_spent": 13,
    "attempt": 2,
    "workflow_state": "complete"
  },
  {
    "user_id": 43,
    "quiz_id": 155,
    "submission_id": 94,
    "score": 16.0,
    "quiz_points_possible": 20.0,
    "time_spent": 13,
    "attempt": 2,
    "workflow_state": "complete"
  },
  {
    "user_id": 44,
    "quiz_id": 155,
    "submission_id": 105,
    "score": 3.0,
    "quiz_points_possible": 20.0,
    "time_spent": 13,
    "attempt": 1,
    "workflow_state": "complete"
  },
  {
    "user_id": 45,
    "quiz_id": 155,
    "submission_id": 112,
    "score": 15.0,
    "quiz_points_possible": 20.0,
    "time_spent": 13,
    "attempt": 2,
    "workflow_state": "complete"
  },
  {
    "user_id": 46,
    "quiz_id": 155,
    "submission_id": 119,
    "score": 18.0,
    "quiz_points_possible": 20.0,
    "time_spent": 13,
    "attempt": 2,
    "workflow_state": "complete"
  },
  {
    "user_id": 47,
    "quiz_id": 155,
    "submission_id": 125,
    "score": 15.0,
    "quiz_points_possible": 20.0,
    "time_spent": 13,
    "attempt": 2,
    "workflow_state": "complete"
  },
  {
    "user_id": 48,
    "quiz_id": 155,
    "submission_id": 132,
    "score": 16.0,
    "quiz_points_possible": 20.0,
    "time_spent": 13,
    "attempt": 2,
    "workflow_state": "complete"
  },
  {
    "user_id": 49,
    "quiz_id": 155,
    "submission_id": 147,
    "score": 18.0,
    "quiz_points_possible": 20.0,
    "time_spent": 13,
    "attempt": 2,
    "workflow_state": "complete"
  },
  {
    "user_id": 50,
    "quiz_id": 155,
    "submission_id": 149,
    "score": 16.0,
    "quiz_points_possible": 20.0,
    "time_spent": 13,
    "attempt": 2,
    "workflow_state": "complete"
  },
  {
    "user_id": 51,
    "quiz_id": 155,
    "submission_id": 156,
    "score": 17.0,
    "quiz_points_possible": 20.0,
    "time_spent": 14,
    "attempt": 2,
    "workflow_state": "complete"
  },
  {
    "user_id": 52,
    "quiz_id": 155,
    "submission_id": 166,
    "score": 19.0,
    "quiz_points_possible": 20.0,
    "time_spent": 13,
    "attempt": 2,
    "workflow_state": "complete"
  },
  {
    "user_id": 53,
    "quiz_id": 155,
    "submission_id": 175,
    "score": 14.0,
    "quiz_points_possible": 20.0,
    "time_spent": 13,
    "attempt": 2,
    "workflow_state": "complete"
  },
  {
    "user_id": 54,
    "quiz_id": 155,
    "submission_id": 177,
    "score": 20.0,
    "quiz_points_possible": 20.0,
    "time_spent": 14,
    "attempt": 2,
    "workflow_state": "complete"
  },
  {
    "user_id": 55,
    "quiz_id": 155,
    "submission_id": 396,
    "score": 17.0,
    "quiz_points_possible": 20.0,
    "time_spent": 13,
    "attempt": 1,
    "workflow_state": "complete"
  },
  {
    "user_id": 56,
    "quiz_id": 155,
    "submission_id": 415,
    "score": 18.0,
    "quiz_points_possible": 20.0,
    "time_spent": 13,
    "attempt": 1,
    "workflow_state": "complete"
  },
  {
    "user_id": 57,
    "quiz_id": 155,
    "submission_id": 440,
    "score": 14.0,
    "quiz_points_possible": 20.0,
    "time_spent": 13,
    "attempt": 1,
    "workflow_state": "complete"
  },
  {
    "user_id": 58,
    "quiz_id": 155,
    "submission_id": 464,
    "score": 17.0,
    "quiz_points_possible": 20.0,
    "time_spent": 13,
    "attempt": 1,
    "workflow_state": "complete"
  },
  {
    "user_id": 59,
    "quiz_id": 155,
    "submission_id": 486,
    "score": 18.0,
    "quiz_points_possible": 20.0,
    "time_spent": 17,
    "attempt": 1,
    "workflow_state": "complete"
  },
  {
    "user_id": 60,
    "quiz_id": 155,
    "submission_id": 510,
    "score": 16.0,
    "quiz_points_possible": 20.0,
    "time_spent": 16,
    "attempt": 1,
    "workflow_state": "complete"
  },
  {
    "user_id": 62,
    "quiz_id": 155,
    "submission_id": 537,
    "score": 16.0,
    "quiz_points_possible": 20.0,
    "time_spent": 14,
    "attempt": 1,
    "workflow_state": "complete"
  },
  {
    "user_id": 63,
    "quiz_id": 155,
    "submission_id": 564,
    "score": 15.0,
    "quiz_points_possible": 20.0,
    "time_spent": 13,
    "attempt": 1,
    "workflow_state": "complete"
  },
  {
    "user_id": 64,
    "quiz_id": 155,
    "submission_id": 584,
    "score": 19.0,
    "quiz_points_possible": 20.0,
    "time_spent": 13,
    "attempt": 1,
    "workflow_state": "complete"
  },
  {
    "user_id": 65,
    "quiz_id": 155,
    "submission_id": 608,
    "score": 18.0,
    "quiz_points_possible": 20.0,
    "time_spent": 13,
    "attempt": 1,
    "workflow_state": "complete"
  },
  {
    "user_id": 66,
    "quiz_id": 155,
    "submission_id": 629,
    "score": 14.0,
    "quiz_points_possible": 20.0,
    "time_spent": 13,
    "attempt": 1,
    "workflow_state": "complete"
  }
]