[
  {
    "user_id": 39,
    "quiz_id": 154,
    "submission_id": 66,
    "score": 18.0,
    "quiz_points_possible": 20.0,
    "time_spent": 13,
    "attempt": 4,
    "workflow_state": "complete"
  },
  {
    "user_id": 40,
    "quiz_id": 154,
    "submission_id": 69,
    "score": 19.0,
    "quiz_points_possible": 20.0,
    "time_spent": 13,
    "attempt": 4,
    "workflow_state": "complete"
  },
  {
    "user_id": 41,
    "quiz_id": 154,
    "submission_id": 82,
    "score": 16.0,
    "quiz_points_possible": 20.0,
    "time_spent": 13,
    "attempt": 2,
    "workflow_state": "complete"
  },
  {
    "user_id": 42,
    "quiz_id": 154,
    "submission_id": 91,
    "score": 15.0,
    "quiz_points_possible": 20.0,
    "time_spent": 13,
    "attempt": 2,
    "workflow_state": "complete"
  },
  {
    "user_id": 43,
    "quiz_id": 154,
    "submission_id": 98,
    "score": 19.0,
    "quiz_points_possible": 20.0,
    "time_spent": 13,
    "attempt": 2,
    "workflow_state": "complete"
  },
  {
    "user_id": 44,
    "quiz_id": 154,
    "submission_id": 101,
    "score": 16.0,
    "quiz_points_possible": 20.0,
    "time_spent": 13,
    "attempt": 2,
    "workflow_state": "complete"
  },
  {
    "user_id": 45,
    "quiz_id": 154,
    "submission_id": 108,
    "score": 15.0,
    "quiz_points_possible": 20.0,
    "time_spent": 13,
    "attempt": 2,
    "workflow_state": "complete"
  },
  {
    "user_id": 46,
    "quiz_id": 154,
    "submission_id": 116,
    "score": 19.0,
    "quiz_points_possible": 20.0,
    "time_spent": 13,
    "attempt": 2,
    "workflow_state": "complete"
  },
  {
    "user_id": 47,
    "quiz_id": 154,
    "submission_id": 124,
    "score": 16.0,
    "quiz_points_possible": 20.0,
    "time_spent": 13,
    "attempt": 2,
    "workflow_state": "complete"
  },
  {
    "user_id": 48,
    "quiz_id": 154,
    "submission_id": 136,
    "score": 16.0,
    "quiz_points_possible": 20.0,
    "time_spent": 13,
    "attempt": 2,
    "workflow_state": "complete"
  },
  {
    "user_id": 49,
    "quiz_id": 154,
    "submission_id": 144,
    "score": 18.0,
    "quiz_points_possible": 20.0,
    "time_spent": 13,
    "attempt": 2,
    "workflow_state": "complete"
  },
  {
    "user_id": 50,
    "quiz_id": 154,
    "submission_id": 150,
    "score": 16.0,
    "quiz_points_possible": 20.0,
    "time_spent": 13,
    "attempt": 2,
    "workflow_state": "complete"
  },
  {
    "user_id": 51,
    "quiz_id": 154,
    "submission_id": 163,
    "score": 16.0,
    "quiz_points_possible": 20.0,
    "time_spent": 13,
    "attempt": 2,
    "workflow_state": "complete"
  },
  {
    "user_id": 52,
    "quiz_id": 154,
    "submission_id": 164,
    "score": 18.0,
    "quiz_points_possible": 20.0,
    "time_spent": 13,
    "attempt": 2,
    "workflow_state": "complete"
  },
  {
    "user_id": 53,
    "quiz_id": 154,
    "submission_id": 173,
    "score": 14.0,
    "quiz_points_possible": 20.0,
    "time_spent": 14,
    "attempt": 2,
    "workflow_state": "complete"
  },
  {
    "user_id": 54,
    "quiz_id": 154,
    "submission_id": 180,
    "score": 18.0,
    "quiz_points_possible": 20.0,
    "time_spent": 16,
    "attempt": 2,
    "workflow_state": "complete"
  },
  {
    "user_id": 55,
    "quiz_id": 154,
    "submission_id": 391,
    "score": 15.0,
    "quiz_points_possible": 20.0,
    "time_spent": 14,
    "attempt": 1,
    "workflow_state": "complete"
  },
  {
    "user_id": 56,
    "quiz_id": 154,
    "submission_id": 414,
    "score": 18.0,
    "quiz_points_possible": 20.0,
    "time_spent": 14,
    "attempt": 1,
    "workflow_state": "complete"
  },
  {
    "user_id": 57,
    "quiz_id": 154,
    "submission_id": 435,
    "score": 13.0,
    "quiz_points_possible": 20.0,
    "time_spent": 13,
    "attempt": 1,
    "workflow_state": "complete"
  },
  {
    "user_id": 58,
    "quiz_id": 154,
    "submission_id": 460,
    "score": 16.0,
    "quiz_points_possible": 20.0,
    "time_spent": 13,
    "attempt": 1,
    "workflow_state": "complete"
  },
  {
    "user_id": 59,
    "quiz_id": 154,
    "submission_id": 483,
    "score": 18.0,
    "quiz_points_possible": 20.0,
    "time_spent": 13,
    "attempt": 1,
    "workflow_state": "complete"
  },
  {
    "user_id": 60,
    "quiz_id": 154,
    "submission_id": 507,
    "score": 17.0,
    "quiz_points_possible": 20.0,
    "time_spent": 16,
    "attempt": 1,
    "workflow_state": "complete"
  },
  {
    "user_id": 62,
    "quiz_id": 154,
    "submission_id": 540,
    "score": 15.0,
    "quiz_points_possible": 20.0,
    "time_spent": 13,
    "attempt": 1,
    "workflow_state": "complete"
  },
  {
    "user_id": 63,
    "quiz_id": 154,
    "submission_id": 561,
    "score": 15.0,
    "quiz_points_possible": 20.0,
    "time_spent": 13,
    "attempt": 1,
    "workflow_state": "complete"
  },
  {
    "user_id": 64,
    "quiz_id": 154,
    "submission_id": 577,
    "score": 19.0,
    "quiz_points_possible": 20.0,
    "time_spent": 13,
    "attempt": 1,
    "workflow_state": "complete"
  },
  {
    "user_id": 65,
    "quiz_id": 154,
    "submission_id": 601,
    "score": 18.0,
    "quiz_points_possible": 20.0,
    "time_spent": 13,
    "attempt": 1,
    "workflow_state": "complete"
  },
  {
    "user_id": 66,
    "quiz_id": 154,
    "submission_id": 625,
    "score": 16.0,
    "quiz_points_possible": 20.0,
    "time_spent": 13,
    "attempt": 1,
    "workflow_state": "complete"
  }
]