[
  {
    "id": 742,
    "quiz_id": 103,
    "quiz_group_id": null,
    "assessment_question_id": 742,
    "position": null,
    "question_name": "Câu hỏi",
    "question_type": "multiple_choice_question",
    "question_text": "<p>Entity Framework là gì?</p>",
    "points_possible": 1.0,
    "correct_comments": "",
    "incorrect_comments": "",
    "neutral_comments": "",
    "correct_comments_html": "",
    "incorrect_comments_html": "",
    "neutral_comments_html": "",
    "answers": [
      {
        "id": 8026,
        "text": "ORM cho phép ánh xạ class ↔ database",
        "html": "",
        "comments": "",
        "comments_html": "",
        "weight": 100.0
      },
      {
        "id": 2155,
        "text": "Công cụ biên dịch C#",
        "html": "",
        "comments": "",
        "comments_html": "",
        "weight": 0.0
      },
      {
        "id": 9787,
        "text": "Thư viện giao diện",
        "html": "",
        "comments": "",
        "comments_html": "",
        "weight": 0.0
      },
      {
        "id": 6947,
        "text": "Framework xử lý file XML",
        "html": "",
        "comments": "",
        "comments_html": "",
        "weight": 0.0
      }
    ],
    "variables": null,
    "formulas": null,
    "answer_tolerance": null,
    "formula_decimal_places": null,
    "matches": null,
    "matching_answer_incorrect_matches": null
  },
  {
    "id": 743,
    "quiz_id": 103,
    "quiz_group_id": null,
    "assessment_question_id": 743,
    "position": null,
    "question_name": "Câu hỏi",
    "question_type": "multiple_choice_question",
    "question_text": "<p>ORM viết tắt của cụm từ nào?</p>",
    "points_possible": 1.0,
    "correct_comments": "",
    "incorrect_comments": "",
    "neutral_comments": "",
    "correct_comments_html": "",
    "incorrect_comments_html": "",
    "neutral_comments_html": "",
    "answers": [
      {
        "id": 2919,
        "text": "Object Relational Mapping",
        "html": "",
        "comments": "",
        "comments_html": "",
        "weight": 100.0
      },
      {
        "id": 2923,
        "text": "Object Runtime Model",
        "html": "",
        "comments": "",
        "comments_html": "",
        "weight": 0.0
      },
      {
        "id": 2937,
        "text": "Open Relational Manager",
        "html": "",
        "comments": "",
        "comments_html": "",
        "weight": 0.0
      },
      {
        "id": 2753,
        "text": "Object Register Model",
        "html": "",
        "comments": "",
        "comments_html": "",
        "weight": 0.0
      }
    ],
    "variables": null,
    "formulas": null,
    "answer_tolerance": null,
    "formula_decimal_places": null,
    "matches": null,
    "matching_answer_incorrect_matches": null
  },
  {
    "id": 744,
    "quiz_id": 103,
    "quiz_group_id": null,
    "assessment_question_id": 744,
    "position": null,
    "question_name": "Câu hỏi",
    "question_type": "multiple_choice_question",
    "question_text": "<p>Trong EF, lớp DbContext dùng để:</p>",
    "points_possible": 1.0,
    "correct_comments": "",
    "incorrect_comments": "",
    "neutral_comments": "",
    "correct_comments_html": "",
    "incorrect_comments_html": "",
    "neutral_comments_html": "",
    "answers": [
      {
        "id": 4411,
        "text": "Quản lý kết nối, truy vấn và transaction",
        "html": "",
        "comments": "",
        "comments_html": "",
        "weight": 100.0
      },
      {
        "id": 5945,
        "text": "Chỉ lưu dữ liệu tạm thời",
        "html": "",
        "comments": "",
        "comments_html": "",
        "weight": 0.0
      },
      {
        "id": 7515,
        "text": "Khai báo GUI control",
        "html": "",
        "comments": "",
        "comments_html": "",
        "weight": 0.0
      },
      {
        "id": 9776,
        "text": "Tạo file cấu hình XML",
        "html": "",
        "comments": "",
        "comments_html": "",
        "weight": 0.0
      }
    ],
    "variables": null,
    "formulas": null,
    "answer_tolerance": null,
    "formula_decimal_places": null,
    "matches": null,
    "matching_answer_incorrect_matches": null
  },
  {
    "id": 745,
    "quiz_id": 103,
    "quiz_group_id": null,
    "assessment_question_id": 745,
    "position": null,
    "question_name": "Câu hỏi",
    "question_type": "multiple_choice_question",
    "question_text": "<p>Đối tượng DbSet&amp;lt;T&amp;gt; đại diện cho:</p>",
    "points_possible": 1.0,
    "correct_comments": "",
    "incorrect_comments": "",
    "neutral_comments": "",
    "correct_comments_html": "",
    "incorrect_comments_html": "",
    "neutral_comments_html": "",
    "answers": [
      {
        "id": 7989,
        "text": "Một bảng dữ liệu trong database",
        "html": "",
        "comments": "",
        "comments_html": "",
        "weight": 100.0
      },
      {
        "id": 899,
        "text": "Một dòng dữ liệu",
        "html": "",
        "comments": "",
        "comments_html": "",
        "weight": 0.0
      },
      {
        "id": 6585,
        "text": "Một stored procedure",
        "html": "",
        "comments": "",
        "comments_html": "",
        "weight": 0.0
      },
      {
        "id": 9441,
        "text": "Một connection string",
        "html": "",
        "comments": "",
        "comments_html": "",
        "weight": 0.0
      }
    ],
    "variables": null,
    "formulas": null,
    "answer_tolerance": null,
    "formula_decimal_places": null,
    "matches": null,
    "matching_answer_incorrect_matches": null
  },
  {
    "id": 746,
    "quiz_id": 103,
    "quiz_group_id": null,
    "assessment_question_id": 746,
    "position": null,
    "question_name": "Câu hỏi",
    "question_type": "multiple_choice_question",
    "question_text": "<p>Phương thức nào lưu thay đổi vào database?</p>",
    "points_possible": 1.0,
    "correct_comments": "",
    "incorrect_comments": "",
    "neutral_comments": "",
    "correct_comments_html": "",
    "incorrect_comments_html": "",
    "neutral_comments_html": "",
    "answers": [
      {
        "id": 433,
        "text": "SaveChanges()",
        "html": "",
        "comments": "",
        "comments_html": "",
        "weight": 100.0
      },
      {
        "id": 7750,
        "text": "Commit()",
        "html": "",
        "comments": "",
        "comments_html": "",
        "weight": 0.0
      },
      {
        "id": 9191,
        "text": "Submit()",
        "html": "",
        "comments": "",
        "comments_html": "",
        "weight": 0.0
      },
      {
        "id": 8607,
        "text": "Update()",
        "html": "",
        "comments": "",
        "comments_html": "",
        "weight": 0.0
      }
    ],
    "variables": null,
    "formulas": null,
    "answer_tolerance": null,
    "formula_decimal_places": null,
    "matches": null,
    "matching_answer_incorrect_matches": null
  },
  {
    "id": 747,
    "quiz_id": 103,
    "quiz_group_id": null,
    "assessment_question_id": 747,
    "position": null,
    "question_name": "Câu hỏi",
    "question_type": "multiple_choice_question",
    "question_text": "<p>Trong mô hình Code First, database được tạo từ:</p>",
    "points_possible": 1.0,
    "correct_comments": "",
    "incorrect_comments": "",
    "neutral_comments": "",
    "correct_comments_html": "",
    "incorrect_comments_html": "",
    "neutral_comments_html": "",
    "answers": [
      {
        "id": 9707,
        "text": "Các lớp Entity trong code",
        "html": "",
        "comments": "",
        "comments_html": "",
        "weight": 100.0
      },
      {
        "id": 4352,
        "text": "File cấu hình",
        "html": "",
        "comments": "",
        "comments_html": "",
        "weight": 0.0
      },
      {
        "id": 8327,
        "text": "SQL Script thủ công",
        "html": "",
        "comments": "",
        "comments_html": "",
        "weight": 0.0
      },
      {
        "id": 4573,
        "text": "Migration.xml",
        "html": "",
        "comments": "",
        "comments_html": "",
        "weight": 0.0
      }
    ],
    "variables": null,
    "formulas": null,
    "answer_tolerance": null,
    "formula_decimal_places": null,
    "matches": null,
    "matching_answer_incorrect_matches": null
  },
  {
    "id": 748,
    "quiz_id": 103,
    "quiz_group_id": null,
    "assessment_question_id": 748,
    "position": null,
    "question_name": "Câu hỏi",
    "question_type": "multiple_choice_question",
    "question_text": "<p>Phân tích code:&lt;pre&gt;&lt;code&gt;db.SinhViens.Add(new SinhVien {HoTen=\"An\"}); db.SaveChanges();&lt;/code&gt;&lt;/pre&gt;</p>",
    "points_possible": 1.0,
    "correct_comments": "",
    "incorrect_comments": "",
    "neutral_comments": "",
    "correct_comments_html": "",
    "incorrect_comments_html": "",
    "neutral_comments_html": "",
    "answers": [
      {
        "id": 3909,
        "text": "Thêm sinh viên mới vào database",
        "html": "",
        "comments": "",
        "comments_html": "",
        "weight": 100.0
      },
      {
        "id": 1354,
        "text": "Cập nhật sinh viên hiện có",
        "html": "",
        "comments": "",
        "comments_html": "",
        "weight": 0.0
      },
      {
        "id": 3388,
        "text": "Xóa dữ liệu",
        "html": "",
        "comments": "",
        "comments_html": "",
        "weight": 0.0
      },
      {
        "id": 2956,
        "text": "Không có gì xảy ra",
        "html": "",
        "comments": "",
        "comments_html": "",
        "weight": 0.0
      }
    ],
    "variables": null,
    "formulas": null,
    "answer_tolerance": null,
    "formula_decimal_places": null,
    "matches": null,
    "matching_answer_incorrect_matches": null
  },
  {
    "id": 749,
    "quiz_id": 103,
    "quiz_group_id": null,
    "assessment_question_id": 749,
    "position": null,
    "question_name": "Câu hỏi",
    "question_type": "multiple_choice_question",
    "question_text": "<p>Phương thức nào trả về danh sách toàn bộ dữ liệu trong DbSet?</p>",
    "points_possible": 1.0,
    "correct_comments": "",
    "incorrect_comments": "",
    "neutral_comments": "",
    "correct_comments_html": "",
    "incorrect_comments_html": "",
    "neutral_comments_html": "",
    "answers": [
      {
        "id": 3192,
        "text": "ToList()",
        "html": "",
        "comments": "",
        "comments_html": "",
        "weight": 100.0
      },
      {
        "id": 6282,
        "text": "All()",
        "html": "",
        "comments": "",
        "comments_html": "",
        "weight": 0.0
      },
      {
        "id": 4225,
        "text": "Select()",
        "html": "",
        "comments": "",
        "comments_html": "",
        "weight": 0.0
      },
      {
        "id": 5703,
        "text": "GetAll()",
        "html": "",
        "comments": "",
        "comments_html": "",
        "weight": 0.0
      }
    ],
    "variables": null,
    "formulas": null,
    "answer_tolerance": null,
    "formula_decimal_places": null,
    "matches": null,
    "matching_answer_incorrect_matches": null
  },
  {
    "id": 750,
    "quiz_id": 103,
    "quiz_group_id": null,
    "assessment_question_id": 750,
    "position": null,
    "question_name": "Câu hỏi",
    "question_type": "multiple_choice_question",
    "question_text": "<p>LINQ-to-Entities cho phép:</p>",
    "points_possible": 1.0,
    "correct_comments": "",
    "incorrect_comments": "",
    "neutral_comments": "",
    "correct_comments_html": "",
    "incorrect_comments_html": "",
    "neutral_comments_html": "",
    "answers": [
      {
        "id": 3651,
        "text": "Truy vấn dữ liệu bằng cú pháp LINQ trên Entity",
        "html": "",
        "comments": "",
        "comments_html": "",
        "weight": 100.0
      },
      {
        "id": 5466,
        "text": "Tạo giao diện đồ họa",
        "html": "",
        "comments": "",
        "comments_html": "",
        "weight": 0.0
      },
      {
        "id": 5337,
        "text": "Sinh file XML tự động",
        "html": "",
        "comments": "",
        "comments_html": "",
        "weight": 0.0
      },
      {
        "id": 5160,
        "text": "Truy cập file hệ thống",
        "html": "",
        "comments": "",
        "comments_html": "",
        "weight": 0.0
      }
    ],
    "variables": null,
    "formulas": null,
    "answer_tolerance": null,
    "formula_decimal_places": null,
    "matches": null,
    "matching_answer_incorrect_matches": null
  },
  {
    "id": 751,
    "quiz_id": 103,
    "quiz_group_id": null,
    "assessment_question_id": 751,
    "position": null,
    "question_name": "Câu hỏi",
    "question_type": "multiple_choice_question",
    "question_text": "<p>Phương thức nào tìm bản ghi theo khóa chính?</p>",
    "points_possible": 1.0,
    "correct_comments": "",
    "incorrect_comments": "",
    "neutral_comments": "",
    "correct_comments_html": "",
    "incorrect_comments_html": "",
    "neutral_comments_html": "",
    "answers": [
      {
        "id": 4868,
        "text": "Find()",
        "html": "",
        "comments": "",
        "comments_html": "",
        "weight": 100.0
      },
      {
        "id": 3104,
        "text": "Where()",
        "html": "",
        "comments": "",
        "comments_html": "",
        "weight": 0.0
      },
      {
        "id": 6818,
        "text": "Select()",
        "html": "",
        "comments": "",
        "comments_html": "",
        "weight": 0.0
      },
      {
        "id": 2801,
        "text": "Single()",
        "html": "",
        "comments": "",
        "comments_html": "",
        "weight": 0.0
      }
    ],
    "variables": null,
    "formulas": null,
    "answer_tolerance": null,
    "formula_decimal_places": null,
    "matches": null,
    "matching_answer_incorrect_matches": null
  },
  {
    "id": 752,
    "quiz_id": 103,
    "quiz_group_id": null,
    "assessment_question_id": 752,
    "position": null,
    "question_name": "Câu hỏi",
    "question_type": "multiple_choice_question",
    "question_text": "<p>Phân biệt Database First và Code First:</p>",
    "points_possible": 1.0,
    "correct_comments": "",
    "incorrect_comments": "",
    "neutral_comments": "",
    "correct_comments_html": "",
    "incorrect_comments_html": "",
    "neutral_comments_html": "",
    "answers": [
      {
        "id": 926,
        "text": "Database First tạo code từ DB – Code First tạo DB từ code",
        "html": "",
        "comments": "",
        "comments_html": "",
        "weight": 100.0
      },
      {
        "id": 899,
        "text": "Cả hai giống nhau",
        "html": "",
        "comments": "",
        "comments_html": "",
        "weight": 0.0
      },
      {
        "id": 3096,
        "text": "Code First nhanh hơn nhưng không tạo DB",
        "html": "",
        "comments": "",
        "comments_html": "",
        "weight": 0.0
      },
      {
        "id": 3530,
        "text": "Database First chỉ dùng cho SQL CE",
        "html": "",
        "comments": "",
        "comments_html": "",
        "weight": 0.0
      }
    ],
    "variables": null,
    "formulas": null,
    "answer_tolerance": null,
    "formula_decimal_places": null,
    "matches": null,
    "matching_answer_incorrect_matches": null
  },
  {
    "id": 753,
    "quiz_id": 103,
    "quiz_group_id": null,
    "assessment_question_id": 753,
    "position": null,
    "question_name": "Câu hỏi",
    "question_type": "multiple_choice_question",
    "question_text": "<p>Lệnh nào dùng để khởi tạo Migration?</p>",
    "points_possible": 1.0,
    "correct_comments": "",
    "incorrect_comments": "",
    "neutral_comments": "",
    "correct_comments_html": "",
    "incorrect_comments_html": "",
    "neutral_comments_html": "",
    "answers": [
      {
        "id": 3870,
        "text": "Enable-Migrations",
        "html": "",
        "comments": "",
        "comments_html": "",
        "weight": 100.0
      },
      {
        "id": 7423,
        "text": "Init-Migrate",
        "html": "",
        "comments": "",
        "comments_html": "",
        "weight": 0.0
      },
      {
        "id": 1016,
        "text": "CreateMigration",
        "html": "",
        "comments": "",
        "comments_html": "",
        "weight": 0.0
      },
      {
        "id": 5895,
        "text": "Start-Migrate",
        "html": "",
        "comments": "",
        "comments_html": "",
        "weight": 0.0
      }
    ],
    "variables": null,
    "formulas": null,
    "answer_tolerance": null,
    "formula_decimal_places": null,
    "matches": null,
    "matching_answer_incorrect_matches": null
  },
  {
    "id": 754,
    "quiz_id": 103,
    "quiz_group_id": null,
    "assessment_question_id": 754,
    "position": null,
    "question_name": "Câu hỏi",
    "question_type": "multiple_choice_question",
    "question_text": "<p>Phân tích code:&lt;pre&gt;&lt;code&gt;var s = db.SinhViens.Where(x =&gt; x.Lop == \"CNTT1\");&lt;/code&gt;&lt;/pre&gt;</p>",
    "points_possible": 1.0,
    "correct_comments": "",
    "incorrect_comments": "",
    "neutral_comments": "",
    "correct_comments_html": "",
    "incorrect_comments_html": "",
    "neutral_comments_html": "",
    "answers": [
      {
        "id": 2182,
        "text": "Lọc danh sách sinh viên lớp CNTT1",
        "html": "",
        "comments": "",
        "comments_html": "",
        "weight": 100.0
      },
      {
        "id": 5514,
        "text": "Thêm sinh viên mới",
        "html": "",
        "comments": "",
        "comments_html": "",
        "weight": 0.0
      },
      {
        "id": 1391,
        "text": "Xóa lớp CNTT1",
        "html": "",
        "comments": "",
        "comments_html": "",
        "weight": 0.0
      },
      {
        "id": 6647,
        "text": "Lỗi runtime",
        "html": "",
        "comments": "",
        "comments_html": "",
        "weight": 0.0
      }
    ],
    "variables": null,
    "formulas": null,
    "answer_tolerance": null,
    "formula_decimal_places": null,
    "matches": null,
    "matching_answer_incorrect_matches": null
  },
  {
    "id": 755,
    "quiz_id": 103,
    "quiz_group_id": null,
    "assessment_question_id": 755,
    "position": null,
    "question_name": "Câu hỏi",
    "question_type": "multiple_choice_question",
    "question_text": "<p>Khi class Entity thay đổi, cần chạy lệnh nào để cập nhật DB?</p>",
    "points_possible": 1.0,
    "correct_comments": "",
    "incorrect_comments": "",
    "neutral_comments": "",
    "correct_comments_html": "",
    "incorrect_comments_html": "",
    "neutral_comments_html": "",
    "answers": [
      {
        "id": 1896,
        "text": "Add-Migration + Update-Database",
        "html": "",
        "comments": "",
        "comments_html": "",
        "weight": 100.0
      },
      {
        "id": 2824,
        "text": "Refresh-DB",
        "html": "",
        "comments": "",
        "comments_html": "",
        "weight": 0.0
      },
      {
        "id": 8179,
        "text": "Build-Model",
        "html": "",
        "comments": "",
        "comments_html": "",
        "weight": 0.0
      },
      {
        "id": 1792,
        "text": "Reseed-DB",
        "html": "",
        "comments": "",
        "comments_html": "",
        "weight": 0.0
      }
    ],
    "variables": null,
    "formulas": null,
    "answer_tolerance": null,
    "formula_decimal_places": null,
    "matches": null,
    "matching_answer_incorrect_matches": null
  },
  {
    "id": 756,
    "quiz_id": 103,
    "quiz_group_id": null,
    "assessment_question_id": 756,
    "position": null,
    "question_name": "Câu hỏi",
    "question_type": "multiple_choice_question",
    "question_text": "<p>Trong EF, Delete() được thực hiện bằng:</p>",
    "points_possible": 1.0,
    "correct_comments": "",
    "incorrect_comments": "",
    "neutral_comments": "",
    "correct_comments_html": "",
    "incorrect_comments_html": "",
    "neutral_comments_html": "",
    "answers": [
      {
        "id": 6794,
        "text": "db.Set&lt;T&gt;.Remove(obj)",
        "html": "",
        "comments": "",
        "comments_html": "",
        "weight": 100.0
      },
      {
        "id": 152,
        "text": "db.Delete(obj)",
        "html": "",
        "comments": "",
        "comments_html": "",
        "weight": 0.0
      },
      {
        "id": 7781,
        "text": "db.RemoveFromDB(obj)",
        "html": "",
        "comments": "",
        "comments_html": "",
        "weight": 0.0
      },
      {
        "id": 6551,
        "text": "db.Kill(obj)",
        "html": "",
        "comments": "",
        "comments_html": "",
        "weight": 0.0
      }
    ],
    "variables": null,
    "formulas": null,
    "answer_tolerance": null,
    "formula_decimal_places": null,
    "matches": null,
    "matching_answer_incorrect_matches": null
  },
  {
    "id": 757,
    "quiz_id": 103,
    "quiz_group_id": null,
    "assessment_question_id": 757,
    "position": null,
    "question_name": "Câu hỏi",
    "question_type": "multiple_choice_question",
    "question_text": "<p>Khi SaveChanges() không được gọi, điều gì xảy ra?</p>",
    "points_possible": 1.0,
    "correct_comments": "",
    "incorrect_comments": "",
    "neutral_comments": "",
    "correct_comments_html": "",
    "incorrect_comments_html": "",
    "neutral_comments_html": "",
    "answers": [
      {
        "id": 9143,
        "text": "Thay đổi không được lưu vào database",
        "html": "",
        "comments": "",
        "comments_html": "",
        "weight": 100.0
      },
      {
        "id": 235,
        "text": "Tự động commit",
        "html": "",
        "comments": "",
        "comments_html": "",
        "weight": 0.0
      },
      {
        "id": 5529,
        "text": "EF tự rollback",
        "html": "",
        "comments": "",
        "comments_html": "",
        "weight": 0.0
      },
      {
        "id": 3982,
        "text": "Lỗi runtime",
        "html": "",
        "comments": "",
        "comments_html": "",
        "weight": 0.0
      }
    ],
    "variables": null,
    "formulas": null,
    "answer_tolerance": null,
    "formula_decimal_places": null,
    "matches": null,
    "matching_answer_incorrect_matches": null
  },
  {
    "id": 758,
    "quiz_id": 103,
    "quiz_group_id": null,
    "assessment_question_id": 758,
    "position": null,
    "question_name": "Câu hỏi",
    "question_type": "multiple_choice_question",
    "question_text": "<p>Phân tích code:&lt;pre&gt;&lt;code&gt;var count = db.SinhViens.Count();&lt;/code&gt;&lt;/pre&gt;</p>",
    "points_possible": 1.0,
    "correct_comments": "",
    "incorrect_comments": "",
    "neutral_comments": "",
    "correct_comments_html": "",
    "incorrect_comments_html": "",
    "neutral_comments_html": "",
    "answers": [
      {
        "id": 32,
        "text": "Đếm tổng số sinh viên trong bảng",
        "html": "",
        "comments": "",
        "comments_html": "",
        "weight": 100.0
      },
      {
        "id": 2834,
        "text": "Trả về toàn bộ danh sách",
        "html": "",
        "comments": "",
        "comments_html": "",
        "weight": 0.0
      },
      {
        "id": 6082,
        "text": "Xóa dữ liệu",
        "html": "",
        "comments": "",
        "comments_html": "",
        "weight": 0.0
      },
      {
        "id": 2276,
        "text": "Lỗi runtime",
        "html": "",
        "comments": "",
        "comments_html": "",
        "weight": 0.0
      }
    ],
    "variables": null,
    "formulas": null,
    "answer_tolerance": null,
    "formula_decimal_places": null,
    "matches": null,
    "matching_answer_incorrect_matches": null
  },
  {
    "id": 759,
    "quiz_id": 103,
    "quiz_group_id": null,
    "assessment_question_id": 759,
    "position": null,
    "question_name": "Câu hỏi",
    "question_type": "multiple_choice_question",
    "question_text": "<p>Tệp nào chứa cấu hình kết nối trong EF?</p>",
    "points_possible": 1.0,
    "correct_comments": "",
    "incorrect_comments": "",
    "neutral_comments": "",
    "correct_comments_html": "",
    "incorrect_comments_html": "",
    "neutral_comments_html": "",
    "answers": [
      {
        "id": 4929,
        "text": "App.config / Web.config",
        "html": "",
        "comments": "",
        "comments_html": "",
        "weight": 100.0
      },
      {
        "id": 9169,
        "text": "EF.config",
        "html": "",
        "comments": "",
        "comments_html": "",
        "weight": 0.0
      },
      {
        "id": 5426,
        "text": "ORM.xml",
        "html": "",
        "comments": "",
        "comments_html": "",
        "weight": 0.0
      },
      {
        "id": 388,
        "text": "Model.edmx",
        "html": "",
        "comments": "",
        "comments_html": "",
        "weight": 0.0
      }
    ],
    "variables": null,
    "formulas": null,
    "answer_tolerance": null,
    "formula_decimal_places": null,
    "matches": null,
    "matching_answer_incorrect_matches": null
  },
  {
    "id": 760,
    "quiz_id": 103,
    "quiz_group_id": null,
    "assessment_question_id": 760,
    "position": null,
    "question_name": "Câu hỏi",
    "question_type": "multiple_choice_question",
    "question_text": "<p>Phương thức AsNoTracking() trong EF dùng để:</p>",
    "points_possible": 1.0,
    "correct_comments": "",
    "incorrect_comments": "",
    "neutral_comments": "",
    "correct_comments_html": "",
    "incorrect_comments_html": "",
    "neutral_comments_html": "",
    "answers": [
      {
        "id": 920,
        "text": "Truy vấn dữ liệu không theo dõi thay đổi",
        "html": "",
        "comments": "",
        "comments_html": "",
        "weight": 100.0
      },
      {
        "id": 7335,
        "text": "Tăng tốc độ lưu dữ liệu",
        "html": "",
        "comments": "",
        "comments_html": "",
        "weight": 0.0
      },
      {
        "id": 4692,
        "text": "Xóa cache DbContext",
        "html": "",
        "comments": "",
        "comments_html": "",
        "weight": 0.0
      },
      {
        "id": 3664,
        "text": "Khóa transaction",
        "html": "",
        "comments": "",
        "comments_html": "",
        "weight": 0.0
      }
    ],
    "variables": null,
    "formulas": null,
    "answer_tolerance": null,
    "formula_decimal_places": null,
    "matches": null,
    "matching_answer_incorrect_matches": null
  },
  {
    "id": 761,
    "quiz_id": 103,
    "quiz_group_id": null,
    "assessment_question_id": 761,
    "position": null,
    "question_name": "Câu hỏi",
    "question_type": "multiple_choice_question",
    "question_text": "<p>Khi dùng DbContext với khối using, điều gì xảy ra khi thoát khỏi using?</p>",
    "points_possible": 1.0,
    "correct_comments": "",
    "incorrect_comments": "",
    "neutral_comments": "",
    "correct_comments_html": "",
    "incorrect_comments_html": "",
    "neutral_comments_html": "",
    "answers": [
      {
        "id": 3341,
        "text": "Tự động đóng và giải phóng tài nguyên",
        "html": "",
        "comments": "",
        "comments_html": "",
        "weight": 100.0
      },
      {
        "id": 9743,
        "text": "Dữ liệu bị xóa",
        "html": "",
        "comments": "",
        "comments_html": "",
        "weight": 0.0
      },
      {
        "id": 5400,
        "text": "EF crash",
        "html": "",
        "comments": "",
        "comments_html": "",
        "weight": 0.0
      },
      {
        "id": 8567,
        "text": "Connection vẫn mở",
        "html": "",
        "comments": "",
        "comments_html": "",
        "weight": 0.0
      }
    ],
    "variables": null,
    "formulas": null,
    "answer_tolerance": null,
    "formula_decimal_places": null,
    "matches": null,
    "matching_answer_incorrect_matches": null
  }
]