[
  {
    "id": 2282,
    "quiz_id": 181,
    "quiz_group_id": null,
    "assessment_question_id": 2282,
    "position": null,
    "question_name": "Câu hỏi",
    "question_type": "multiple_choice_question",
    "question_text": "<p>Phát biểu nào đúng nhất về mối quan hệ giữa lớp và đối tượng?</p>",
    "points_possible": 1.0,
    "correct_comments": "",
    "incorrect_comments": "",
    "neutral_comments": "",
    "correct_comments_html": "",
    "incorrect_comments_html": "",
    "neutral_comments_html": "",
    "answers": [
      {
        "id": 1082,
        "text": "Đối tượng là thể hiện của lớp.",
        "html": "",
        "comments": "",
        "comments_html": "",
        "weight": 100.0
      },
      {
        "id": 8369,
        "text": "Lớp là thể hiện của đối tượng.",
        "html": "",
        "comments": "",
        "comments_html": "",
        "weight": 0.0
      },
      {
        "id": 3639,
        "text": "Lớp và đối tượng giống nhau.",
        "html": "",
        "comments": "",
        "comments_html": "",
        "weight": 0.0
      },
      {
        "id": 3326,
        "text": "Lớp được tạo ra từ đối tượng.",
        "html": "",
        "comments": "",
        "comments_html": "",
        "weight": 0.0
      }
    ],
    "variables": null,
    "formulas": null,
    "answer_tolerance": null,
    "formula_decimal_places": null,
    "matches": null,
    "matching_answer_incorrect_matches": null
  },
  {
    "id": 2283,
    "quiz_id": 181,
    "quiz_group_id": null,
    "assessment_question_id": 2283,
    "position": null,
    "question_name": "Câu hỏi",
    "question_type": "multiple_choice_question",
    "question_text": "<p>Constructor có đặc điểm nào sau đây?</p>",
    "points_possible": 1.0,
    "correct_comments": "",
    "incorrect_comments": "",
    "neutral_comments": "",
    "correct_comments_html": "",
    "incorrect_comments_html": "",
    "neutral_comments_html": "",
    "answers": [
      {
        "id": 9002,
        "text": "Không có kiểu trả về và cùng tên với lớp.",
        "html": "",
        "comments": "",
        "comments_html": "",
        "weight": 100.0
      },
      {
        "id": 7518,
        "text": "Có thể trả về giá trị.",
        "html": "",
        "comments": "",
        "comments_html": "",
        "weight": 0.0
      },
      {
        "id": 3634,
        "text": "Có thể bị static.",
        "html": "",
        "comments": "",
        "comments_html": "",
        "weight": 0.0
      },
      {
        "id": 2808,
        "text": "Không thể overload.",
        "html": "",
        "comments": "",
        "comments_html": "",
        "weight": 0.0
      }
    ],
    "variables": null,
    "formulas": null,
    "answer_tolerance": null,
    "formula_decimal_places": null,
    "matches": null,
    "matching_answer_incorrect_matches": null
  },
  {
    "id": 2284,
    "quiz_id": 181,
    "quiz_group_id": null,
    "assessment_question_id": 2284,
    "position": null,
    "question_name": "Câu hỏi",
    "question_type": "multiple_choice_question",
    "question_text": "<p>Từ khóa this trong Java được sử dụng để:</p>",
    "points_possible": 1.0,
    "correct_comments": "",
    "incorrect_comments": "",
    "neutral_comments": "",
    "correct_comments_html": "",
    "incorrect_comments_html": "",
    "neutral_comments_html": "",
    "answers": [
      {
        "id": 1985,
        "text": "Tham chiếu đến đối tượng hiện tại.",
        "html": "",
        "comments": "",
        "comments_html": "",
        "weight": 100.0
      },
      {
        "id": 9161,
        "text": "Truy cập biến static.",
        "html": "",
        "comments": "",
        "comments_html": "",
        "weight": 0.0
      },
      {
        "id": 2031,
        "text": "Gọi lớp cha.",
        "html": "",
        "comments": "",
        "comments_html": "",
        "weight": 0.0
      },
      {
        "id": 7223,
        "text": "Truy cập hằng số hệ thống.",
        "html": "",
        "comments": "",
        "comments_html": "",
        "weight": 0.0
      }
    ],
    "variables": null,
    "formulas": null,
    "answer_tolerance": null,
    "formula_decimal_places": null,
    "matches": null,
    "matching_answer_incorrect_matches": null
  },
  {
    "id": 2285,
    "quiz_id": 181,
    "quiz_group_id": null,
    "assessment_question_id": 2285,
    "position": null,
    "question_name": "Câu hỏi",
    "question_type": "multiple_choice_question",
    "question_text": "<p>Phát biểu nào đúng về thuộc tính static?</p>",
    "points_possible": 1.0,
    "correct_comments": "",
    "incorrect_comments": "",
    "neutral_comments": "",
    "correct_comments_html": "",
    "incorrect_comments_html": "",
    "neutral_comments_html": "",
    "answers": [
      {
        "id": 780,
        "text": "Chia sẻ chung cho tất cả đối tượng của lớp.",
        "html": "",
        "comments": "",
        "comments_html": "",
        "weight": 100.0
      },
      {
        "id": 5045,
        "text": "Thuộc về đối tượng.",
        "html": "",
        "comments": "",
        "comments_html": "",
        "weight": 0.0
      },
      {
        "id": 8960,
        "text": "Chỉ truy cập được trong constructor.",
        "html": "",
        "comments": "",
        "comments_html": "",
        "weight": 0.0
      },
      {
        "id": 5646,
        "text": "Không thể được gọi bằng tên lớp.",
        "html": "",
        "comments": "",
        "comments_html": "",
        "weight": 0.0
      }
    ],
    "variables": null,
    "formulas": null,
    "answer_tolerance": null,
    "formula_decimal_places": null,
    "matches": null,
    "matching_answer_incorrect_matches": null
  },
  {
    "id": 2286,
    "quiz_id": 181,
    "quiz_group_id": null,
    "assessment_question_id": 2286,
    "position": null,
    "question_name": "Câu hỏi",
    "question_type": "multiple_choice_question",
    "question_text": "<p>Overloading xảy ra khi:</p>",
    "points_possible": 1.0,
    "correct_comments": "",
    "incorrect_comments": "",
    "neutral_comments": "",
    "correct_comments_html": "",
    "incorrect_comments_html": "",
    "neutral_comments_html": "",
    "answers": [
      {
        "id": 303,
        "text": "Hai phương thức có cùng tên nhưng khác tham số.",
        "html": "",
        "comments": "",
        "comments_html": "",
        "weight": 100.0
      },
      {
        "id": 2413,
        "text": "Lớp con ghi đè phương thức của lớp cha.",
        "html": "",
        "comments": "",
        "comments_html": "",
        "weight": 0.0
      },
      {
        "id": 5822,
        "text": "Hai lớp có cùng tên.",
        "html": "",
        "comments": "",
        "comments_html": "",
        "weight": 0.0
      },
      {
        "id": 6576,
        "text": "Hai phương thức có cùng thân hàm.",
        "html": "",
        "comments": "",
        "comments_html": "",
        "weight": 0.0
      }
    ],
    "variables": null,
    "formulas": null,
    "answer_tolerance": null,
    "formula_decimal_places": null,
    "matches": null,
    "matching_answer_incorrect_matches": null
  },
  {
    "id": 2287,
    "quiz_id": 181,
    "quiz_group_id": null,
    "assessment_question_id": 2287,
    "position": null,
    "question_name": "Câu hỏi",
    "question_type": "multiple_choice_question",
    "question_text": "<p>Khi nào sử dụng từ khóa static cho phương thức?</p>",
    "points_possible": 1.0,
    "correct_comments": "",
    "incorrect_comments": "",
    "neutral_comments": "",
    "correct_comments_html": "",
    "incorrect_comments_html": "",
    "neutral_comments_html": "",
    "answers": [
      {
        "id": 6397,
        "text": "Khi không cần truy cập bất kỳ dữ liệu cụ thể của đối tượng.",
        "html": "",
        "comments": "",
        "comments_html": "",
        "weight": 100.0
      },
      {
        "id": 4098,
        "text": "Khi phương thức cần truy cập biến instance.",
        "html": "",
        "comments": "",
        "comments_html": "",
        "weight": 0.0
      },
      {
        "id": 9356,
        "text": "Khi phương thức override lớp cha.",
        "html": "",
        "comments": "",
        "comments_html": "",
        "weight": 0.0
      },
      {
        "id": 747,
        "text": "Khi cần tạo nhiều đối tượng.",
        "html": "",
        "comments": "",
        "comments_html": "",
        "weight": 0.0
      }
    ],
    "variables": null,
    "formulas": null,
    "answer_tolerance": null,
    "formula_decimal_places": null,
    "matches": null,
    "matching_answer_incorrect_matches": null
  },
  {
    "id": 2288,
    "quiz_id": 181,
    "quiz_group_id": null,
    "assessment_question_id": 2288,
    "position": null,
    "question_name": "Câu hỏi",
    "question_type": "multiple_choice_question",
    "question_text": "<p>Phạm vi truy cập nào cho phép truy cập trong cùng package?</p>",
    "points_possible": 1.0,
    "correct_comments": "",
    "incorrect_comments": "",
    "neutral_comments": "",
    "correct_comments_html": "",
    "incorrect_comments_html": "",
    "neutral_comments_html": "",
    "answers": [
      {
        "id": 2014,
        "text": "default",
        "html": "",
        "comments": "",
        "comments_html": "",
        "weight": 100.0
      },
      {
        "id": 5717,
        "text": "public",
        "html": "",
        "comments": "",
        "comments_html": "",
        "weight": 0.0
      },
      {
        "id": 5042,
        "text": "private",
        "html": "",
        "comments": "",
        "comments_html": "",
        "weight": 0.0
      },
      {
        "id": 8079,
        "text": "protected",
        "html": "",
        "comments": "",
        "comments_html": "",
        "weight": 0.0
      }
    ],
    "variables": null,
    "formulas": null,
    "answer_tolerance": null,
    "formula_decimal_places": null,
    "matches": null,
    "matching_answer_incorrect_matches": null
  },
  {
    "id": 2289,
    "quiz_id": 181,
    "quiz_group_id": null,
    "assessment_question_id": 2289,
    "position": null,
    "question_name": "Câu hỏi",
    "question_type": "multiple_choice_question",
    "question_text": "<p>Trong Java, việc thu hồi bộ nhớ của đối tượng được thực hiện bởi:</p>",
    "points_possible": 1.0,
    "correct_comments": "",
    "incorrect_comments": "",
    "neutral_comments": "",
    "correct_comments_html": "",
    "incorrect_comments_html": "",
    "neutral_comments_html": "",
    "answers": [
      {
        "id": 8193,
        "text": "Garbage Collector tự động.",
        "html": "",
        "comments": "",
        "comments_html": "",
        "weight": 100.0
      },
      {
        "id": 3139,
        "text": "Destructor do lập trình viên gọi.",
        "html": "",
        "comments": "",
        "comments_html": "",
        "weight": 0.0
      },
      {
        "id": 4774,
        "text": "Phương thức finalize() bắt buộc.",
        "html": "",
        "comments": "",
        "comments_html": "",
        "weight": 0.0
      },
      {
        "id": 6655,
        "text": "System.exit().",
        "html": "",
        "comments": "",
        "comments_html": "",
        "weight": 0.0
      }
    ],
    "variables": null,
    "formulas": null,
    "answer_tolerance": null,
    "formula_decimal_places": null,
    "matches": null,
    "matching_answer_incorrect_matches": null
  },
  {
    "id": 2290,
    "quiz_id": 181,
    "quiz_group_id": null,
    "assessment_question_id": 2290,
    "position": null,
    "question_name": "Câu hỏi",
    "question_type": "multiple_choice_question",
    "question_text": "<p>Khi nào cần dùng từ khóa this()?</p>",
    "points_possible": 1.0,
    "correct_comments": "",
    "incorrect_comments": "",
    "neutral_comments": "",
    "correct_comments_html": "",
    "incorrect_comments_html": "",
    "neutral_comments_html": "",
    "answers": [
      {
        "id": 9092,
        "text": "Khi gọi constructor khác trong cùng lớp.",
        "html": "",
        "comments": "",
        "comments_html": "",
        "weight": 100.0
      },
      {
        "id": 6711,
        "text": "Khi gọi constructor của lớp cha.",
        "html": "",
        "comments": "",
        "comments_html": "",
        "weight": 0.0
      },
      {
        "id": 1876,
        "text": "Khi truy cập biến static.",
        "html": "",
        "comments": "",
        "comments_html": "",
        "weight": 0.0
      },
      {
        "id": 5540,
        "text": "Khi override phương thức.",
        "html": "",
        "comments": "",
        "comments_html": "",
        "weight": 0.0
      }
    ],
    "variables": null,
    "formulas": null,
    "answer_tolerance": null,
    "formula_decimal_places": null,
    "matches": null,
    "matching_answer_incorrect_matches": null
  },
  {
    "id": 2291,
    "quiz_id": 181,
    "quiz_group_id": null,
    "assessment_question_id": 2291,
    "position": null,
    "question_name": "Câu hỏi",
    "question_type": "multiple_choice_question",
    "question_text": "<p>Lớp nào dưới đây minh họa tốt nhất khái niệm đóng gói?</p>",
    "points_possible": 1.0,
    "correct_comments": "",
    "incorrect_comments": "",
    "neutral_comments": "",
    "correct_comments_html": "",
    "incorrect_comments_html": "",
    "neutral_comments_html": "",
    "answers": [
      {
        "id": 9041,
        "text": "class B { private int x; public void setX(int a){x=a;} }",
        "html": "",
        "comments": "",
        "comments_html": "",
        "weight": 100.0
      },
      {
        "id": 9627,
        "text": "class A { int x; }",
        "html": "",
        "comments": "",
        "comments_html": "",
        "weight": 0.0
      },
      {
        "id": 7939,
        "text": "class C { static int x; }",
        "html": "",
        "comments": "",
        "comments_html": "",
        "weight": 0.0
      },
      {
        "id": 3984,
        "text": "class D { public int x; }",
        "html": "",
        "comments": "",
        "comments_html": "",
        "weight": 0.0
      }
    ],
    "variables": null,
    "formulas": null,
    "answer_tolerance": null,
    "formula_decimal_places": null,
    "matches": null,
    "matching_answer_incorrect_matches": null
  },
  {
    "id": 2292,
    "quiz_id": 181,
    "quiz_group_id": null,
    "assessment_question_id": 2292,
    "position": null,
    "question_name": "Câu hỏi",
    "question_type": "multiple_choice_question",
    "question_text": "<p>Một phương thức được overload khi nào?</p>",
    "points_possible": 1.0,
    "correct_comments": "",
    "incorrect_comments": "",
    "neutral_comments": "",
    "correct_comments_html": "",
    "incorrect_comments_html": "",
    "neutral_comments_html": "",
    "answers": [
      {
        "id": 3219,
        "text": "Có cùng tên nhưng khác danh sách tham số.",
        "html": "",
        "comments": "",
        "comments_html": "",
        "weight": 100.0
      },
      {
        "id": 3301,
        "text": "Có cùng tên, khác kiểu trả về.",
        "html": "",
        "comments": "",
        "comments_html": "",
        "weight": 0.0
      },
      {
        "id": 6067,
        "text": "Có cùng tên và cùng danh sách tham số.",
        "html": "",
        "comments": "",
        "comments_html": "",
        "weight": 0.0
      },
      {
        "id": 444,
        "text": "Nằm ở hai lớp khác nhau.",
        "html": "",
        "comments": "",
        "comments_html": "",
        "weight": 0.0
      }
    ],
    "variables": null,
    "formulas": null,
    "answer_tolerance": null,
    "formula_decimal_places": null,
    "matches": null,
    "matching_answer_incorrect_matches": null
  },
  {
    "id": 2293,
    "quiz_id": 181,
    "quiz_group_id": null,
    "assessment_question_id": 2293,
    "position": null,
    "question_name": "Câu hỏi",
    "question_type": "multiple_choice_question",
    "question_text": "<p>Tại sao nên sử dụng access modifier private cho thuộc tính?</p>",
    "points_possible": 1.0,
    "correct_comments": "",
    "incorrect_comments": "",
    "neutral_comments": "",
    "correct_comments_html": "",
    "incorrect_comments_html": "",
    "neutral_comments_html": "",
    "answers": [
      {
        "id": 4287,
        "text": "Tăng tính đóng gói, kiểm soát truy cập dữ liệu.",
        "html": "",
        "comments": "",
        "comments_html": "",
        "weight": 100.0
      },
      {
        "id": 4158,
        "text": "Giúp dữ liệu có thể thay đổi dễ dàng.",
        "html": "",
        "comments": "",
        "comments_html": "",
        "weight": 0.0
      },
      {
        "id": 5655,
        "text": "Giảm tốc độ chương trình.",
        "html": "",
        "comments": "",
        "comments_html": "",
        "weight": 0.0
      },
      {
        "id": 8944,
        "text": "Cho phép truy cập toàn cục.",
        "html": "",
        "comments": "",
        "comments_html": "",
        "weight": 0.0
      }
    ],
    "variables": null,
    "formulas": null,
    "answer_tolerance": null,
    "formula_decimal_places": null,
    "matches": null,
    "matching_answer_incorrect_matches": null
  },
  {
    "id": 2294,
    "quiz_id": 181,
    "quiz_group_id": null,
    "assessment_question_id": 2294,
    "position": null,
    "question_name": "Câu hỏi",
    "question_type": "multiple_choice_question",
    "question_text": "<p>Trong đoạn code 'static int count=0;', giá trị count sẽ:</p>",
    "points_possible": 1.0,
    "correct_comments": "",
    "incorrect_comments": "",
    "neutral_comments": "",
    "correct_comments_html": "",
    "incorrect_comments_html": "",
    "neutral_comments_html": "",
    "answers": [
      {
        "id": 491,
        "text": "Chia sẻ giữa tất cả đối tượng của lớp.",
        "html": "",
        "comments": "",
        "comments_html": "",
        "weight": 100.0
      },
      {
        "id": 8289,
        "text": "Được tạo lại mỗi khi tạo đối tượng mới.",
        "html": "",
        "comments": "",
        "comments_html": "",
        "weight": 0.0
      },
      {
        "id": 8283,
        "text": "Không thể thay đổi.",
        "html": "",
        "comments": "",
        "comments_html": "",
        "weight": 0.0
      },
      {
        "id": 2838,
        "text": "Chỉ tồn tại trong constructor.",
        "html": "",
        "comments": "",
        "comments_html": "",
        "weight": 0.0
      }
    ],
    "variables": null,
    "formulas": null,
    "answer_tolerance": null,
    "formula_decimal_places": null,
    "matches": null,
    "matching_answer_incorrect_matches": null
  },
  {
    "id": 2295,
    "quiz_id": 181,
    "quiz_group_id": null,
    "assessment_question_id": 2295,
    "position": null,
    "question_name": "Câu hỏi",
    "question_type": "multiple_choice_question",
    "question_text": "<p>Phát biểu nào đúng về phương thức static?</p>",
    "points_possible": 1.0,
    "correct_comments": "",
    "incorrect_comments": "",
    "neutral_comments": "",
    "correct_comments_html": "",
    "incorrect_comments_html": "",
    "neutral_comments_html": "",
    "answers": [
      {
        "id": 8532,
        "text": "Có thể gọi trực tiếp qua tên lớp mà không cần tạo đối tượng.",
        "html": "",
        "comments": "",
        "comments_html": "",
        "weight": 100.0
      },
      {
        "id": 906,
        "text": "Chỉ có thể được gọi bên trong main.",
        "html": "",
        "comments": "",
        "comments_html": "",
        "weight": 0.0
      },
      {
        "id": 567,
        "text": "Không thể có tham số.",
        "html": "",
        "comments": "",
        "comments_html": "",
        "weight": 0.0
      },
      {
        "id": 867,
        "text": "Phải override lớp cha.",
        "html": "",
        "comments": "",
        "comments_html": "",
        "weight": 0.0
      }
    ],
    "variables": null,
    "formulas": null,
    "answer_tolerance": null,
    "formula_decimal_places": null,
    "matches": null,
    "matching_answer_incorrect_matches": null
  },
  {
    "id": 2296,
    "quiz_id": 181,
    "quiz_group_id": null,
    "assessment_question_id": 2296,
    "position": null,
    "question_name": "Câu hỏi",
    "question_type": "multiple_choice_question",
    "question_text": "<p>Điểm khác biệt giữa overloading và overriding?</p>",
    "points_possible": 1.0,
    "correct_comments": "",
    "incorrect_comments": "",
    "neutral_comments": "",
    "correct_comments_html": "",
    "incorrect_comments_html": "",
    "neutral_comments_html": "",
    "answers": [
      {
        "id": 6005,
        "text": "Overloading xảy ra trong cùng lớp, overriding giữa các lớp kế thừa.",
        "html": "",
        "comments": "",
        "comments_html": "",
        "weight": 100.0
      },
      {
        "id": 1765,
        "text": "Overloading ghi đè hành vi lớp cha.",
        "html": "",
        "comments": "",
        "comments_html": "",
        "weight": 0.0
      },
      {
        "id": 9692,
        "text": "Overriding thay đổi kiểu trả về.",
        "html": "",
        "comments": "",
        "comments_html": "",
        "weight": 0.0
      },
      {
        "id": 1087,
        "text": "Cả hai giống nhau.",
        "html": "",
        "comments": "",
        "comments_html": "",
        "weight": 0.0
      }
    ],
    "variables": null,
    "formulas": null,
    "answer_tolerance": null,
    "formula_decimal_places": null,
    "matches": null,
    "matching_answer_incorrect_matches": null
  },
  {
    "id": 2297,
    "quiz_id": 181,
    "quiz_group_id": null,
    "assessment_question_id": 2297,
    "position": null,
    "question_name": "Câu hỏi",
    "question_type": "multiple_choice_question",
    "question_text": "<p>Lệnh nào tạo đối tượng từ lớp Person có constructor Person(String name)?</p>",
    "points_possible": 1.0,
    "correct_comments": "",
    "incorrect_comments": "",
    "neutral_comments": "",
    "correct_comments_html": "",
    "incorrect_comments_html": "",
    "neutral_comments_html": "",
    "answers": [
      {
        "id": 9472,
        "text": "Person p = new Person(\"An\");",
        "html": "",
        "comments": "",
        "comments_html": "",
        "weight": 100.0
      },
      {
        "id": 4069,
        "text": "Person p = new Person;",
        "html": "",
        "comments": "",
        "comments_html": "",
        "weight": 0.0
      },
      {
        "id": 6622,
        "text": "Person p = new Person();",
        "html": "",
        "comments": "",
        "comments_html": "",
        "weight": 0.0
      },
      {
        "id": 4524,
        "text": "Person p;",
        "html": "",
        "comments": "",
        "comments_html": "",
        "weight": 0.0
      }
    ],
    "variables": null,
    "formulas": null,
    "answer_tolerance": null,
    "formula_decimal_places": null,
    "matches": null,
    "matching_answer_incorrect_matches": null
  },
  {
    "id": 2298,
    "quiz_id": 181,
    "quiz_group_id": null,
    "assessment_question_id": 2298,
    "position": null,
    "question_name": "Câu hỏi",
    "question_type": "multiple_choice_question",
    "question_text": "<p>Khi nào constructor mặc định được tạo tự động?</p>",
    "points_possible": 1.0,
    "correct_comments": "",
    "incorrect_comments": "",
    "neutral_comments": "",
    "correct_comments_html": "",
    "incorrect_comments_html": "",
    "neutral_comments_html": "",
    "answers": [
      {
        "id": 759,
        "text": "Khi lập trình viên không khai báo bất kỳ constructor nào.",
        "html": "",
        "comments": "",
        "comments_html": "",
        "weight": 100.0
      },
      {
        "id": 5760,
        "text": "Khi có ít nhất 1 constructor có tham số.",
        "html": "",
        "comments": "",
        "comments_html": "",
        "weight": 0.0
      },
      {
        "id": 2187,
        "text": "Luôn luôn có.",
        "html": "",
        "comments": "",
        "comments_html": "",
        "weight": 0.0
      },
      {
        "id": 2479,
        "text": "Không bao giờ có.",
        "html": "",
        "comments": "",
        "comments_html": "",
        "weight": 0.0
      }
    ],
    "variables": null,
    "formulas": null,
    "answer_tolerance": null,
    "formula_decimal_places": null,
    "matches": null,
    "matching_answer_incorrect_matches": null
  },
  {
    "id": 2299,
    "quiz_id": 181,
    "quiz_group_id": null,
    "assessment_question_id": 2299,
    "position": null,
    "question_name": "Câu hỏi",
    "question_type": "multiple_choice_question",
    "question_text": "<p>Khi gọi phương thức static showCount() bằng tên lớp Counter, lệnh nào đúng?</p>",
    "points_possible": 1.0,
    "correct_comments": "",
    "incorrect_comments": "",
    "neutral_comments": "",
    "correct_comments_html": "",
    "incorrect_comments_html": "",
    "neutral_comments_html": "",
    "answers": [
      {
        "id": 2923,
        "text": "Counter.showCount();",
        "html": "",
        "comments": "",
        "comments_html": "",
        "weight": 100.0
      },
      {
        "id": 1067,
        "text": "Counter().showCount();",
        "html": "",
        "comments": "",
        "comments_html": "",
        "weight": 0.0
      },
      {
        "id": 1828,
        "text": "new Counter.showCount();",
        "html": "",
        "comments": "",
        "comments_html": "",
        "weight": 0.0
      },
      {
        "id": 4994,
        "text": "Counter->showCount();",
        "html": "",
        "comments": "",
        "comments_html": "",
        "weight": 0.0
      }
    ],
    "variables": null,
    "formulas": null,
    "answer_tolerance": null,
    "formula_decimal_places": null,
    "matches": null,
    "matching_answer_incorrect_matches": null
  },
  {
    "id": 2300,
    "quiz_id": 181,
    "quiz_group_id": null,
    "assessment_question_id": 2300,
    "position": null,
    "question_name": "Câu hỏi",
    "question_type": "multiple_choice_question",
    "question_text": "<p>Từ khóa nào trong Java cho phép truy cập thành phần của lớp cha từ lớp con?</p>",
    "points_possible": 1.0,
    "correct_comments": "",
    "incorrect_comments": "",
    "neutral_comments": "",
    "correct_comments_html": "",
    "incorrect_comments_html": "",
    "neutral_comments_html": "",
    "answers": [
      {
        "id": 1756,
        "text": "super",
        "html": "",
        "comments": "",
        "comments_html": "",
        "weight": 100.0
      },
      {
        "id": 6225,
        "text": "this",
        "html": "",
        "comments": "",
        "comments_html": "",
        "weight": 0.0
      },
      {
        "id": 1572,
        "text": "base",
        "html": "",
        "comments": "",
        "comments_html": "",
        "weight": 0.0
      },
      {
        "id": 523,
        "text": "parent",
        "html": "",
        "comments": "",
        "comments_html": "",
        "weight": 0.0
      }
    ],
    "variables": null,
    "formulas": null,
    "answer_tolerance": null,
    "formula_decimal_places": null,
    "matches": null,
    "matching_answer_incorrect_matches": null
  },
  {
    "id": 2301,
    "quiz_id": 181,
    "quiz_group_id": null,
    "assessment_question_id": 2301,
    "position": null,
    "question_name": "Câu hỏi",
    "question_type": "multiple_choice_question",
    "question_text": "<p>Khi nào nên sử dụng biến static final?</p>",
    "points_possible": 1.0,
    "correct_comments": "",
    "incorrect_comments": "",
    "neutral_comments": "",
    "correct_comments_html": "",
    "incorrect_comments_html": "",
    "neutral_comments_html": "",
    "answers": [
      {
        "id": 9983,
        "text": "Khi muốn tạo hằng số chia sẻ chung cho toàn bộ chương trình.",
        "html": "",
        "comments": "",
        "comments_html": "",
        "weight": 100.0
      },
      {
        "id": 8494,
        "text": "Khi cần thay đổi dữ liệu linh hoạt.",
        "html": "",
        "comments": "",
        "comments_html": "",
        "weight": 0.0
      },
      {
        "id": 8214,
        "text": "Khi muốn tạo biến instance.",
        "html": "",
        "comments": "",
        "comments_html": "",
        "weight": 0.0
      },
      {
        "id": 3643,
        "text": "Khi cần kế thừa từ lớp khác.",
        "html": "",
        "comments": "",
        "comments_html": "",
        "weight": 0.0
      }
    ],
    "variables": null,
    "formulas": null,
    "answer_tolerance": null,
    "formula_decimal_places": null,
    "matches": null,
    "matching_answer_incorrect_matches": null
  }
]