[
  {
    "user_id": 39,
    "quiz_id": 171,
    "submission_id": 197,
    "score": 19.0,
    "quiz_points_possible": 20.0,
    "time_spent": 13,
    "attempt": 1,
    "workflow_state": "complete"
  },
  {
    "user_id": 40,
    "quiz_id": 171,
    "submission_id": 211,
    "score": 18.0,
    "quiz_points_possible": 20.0,
    "time_spent": 12,
    "attempt": 1,
    "workflow_state": "complete"
  },
  {
    "user_id": 41,
    "quiz_id": 171,
    "submission_id": 230,
    "score": 16.0,
    "quiz_points_possible": 20.0,
    "time_spent": 13,
    "attempt": 1,
    "workflow_state": "complete"
  },
  {
    "user_id": 42,
    "quiz_id": 171,
    "submission_id": 240,
    "score": 16.0,
    "quiz_points_possible": 20.0,
    "time_spent": 13,
    "attempt": 1,
    "workflow_state": "complete"
  },
  {
    "user_id": 43,
    "quiz_id": 171,
    "submission_id": 253,
    "score": 15.0,
    "quiz_points_possible": 20.0,
    "time_spent": 13,
    "attempt": 1,
    "workflow_state": "complete"
  },
  {
    "user_id": 46,
    "quiz_id": 171,
    "submission_id": 277,
    "score": 19.0,
    "quiz_points_possible": 20.0,
    "time_spent": 13,
    "attempt": 1,
    "workflow_state": "complete"
  },
  {
    "user_id": 47,
    "quiz_id": 171,
    "submission_id": 293,
    "score": 16.0,
    "quiz_points_possible": 20.0,
    "time_spent": 13,
    "attempt": 1,
    "workflow_state": "complete"
  },
  {
    "user_id": 48,
    "quiz_id": 171,
    "submission_id": 306,
    "score": 17.0,
    "quiz_points_possible": 20.0,
    "time_spent": 13,
    "attempt": 1,
    "workflow_state": "complete"
  },
  {
    "user_id": 49,
    "quiz_id": 171,
    "submission_id": 328,
    "score": 19.0,
    "quiz_points_possible": 20.0,
    "time_spent": 13,
    "attempt": 1,
    "workflow_state": "complete"
  },
  {
    "user_id": 51,
    "quiz_id": 171,
    "submission_id": 348,
    "score": 17.0,
    "quiz_points_possible": 20.0,
    "time_spent": 13,
    "attempt": 1,
    "workflow_state": "complete"
  },
  {
    "user_id": 52,
    "quiz_id": 171,
    "submission_id": 364,
    "score": 20.0,
    "quiz_points_possible": 20.0,
    "time_spent": 14,
    "attempt": 1,
    "workflow_state": "complete"
  },
  {
    "user_id": 54,
    "quiz_id": 171,
    "submission_id": 386,
    "score": 19.0,
    "quiz_points_possible": 20.0,
    "time_spent": 20,
    "attempt": 1,
    "workflow_state": "complete"
  },
  {
    "user_id": 55,
    "quiz_id": 171,
    "submission_id": 406,
    "score": 16.0,
    "quiz_points_possible": 20.0,
    "time_spent": 13,
    "attempt": 1,
    "workflow_state": "complete"
  },
  {
    "user_id": 56,
    "quiz_id": 171,
    "submission_id": 431,
    "score": 19.0,
    "quiz_points_possible": 20.0,
    "time_spent": 13,
    "attempt": 1,
    "workflow_state": "complete"
  },
  {
    "user_id": 57,
    "quiz_id": 171,
    "submission_id": 451,
    "score": 15.0,
    "quiz_points_possible": 20.0,
    "time_spent": 13,
    "attempt": 1,
    "workflow_state": "complete"
  },
  {
    "user_id": 58,
    "quiz_id": 171,
    "submission_id": 470,
    "score": 18.0,
    "quiz_points_possible": 20.0,
    "time_spent": 13,
    "attempt": 1,
    "workflow_state": "complete"
  },
  {
    "user_id": 59,
    "quiz_id": 171,
    "submission_id": 498,
    "score": 18.0,
    "quiz_points_possible": 20.0,
    "time_spent": 16,
    "attempt": 1,
    "workflow_state": "complete"
  },
  {
    "user_id": 60,
    "quiz_id": 171,
    "submission_id": 527,
    "score": 17.0,
    "quiz_points_possible": 20.0,
    "time_spent": 16,
    "attempt": 1,
    "workflow_state": "complete"
  },
  {
    "user_id": 62,
    "quiz_id": 171,
    "submission_id": 553,
    "score": 15.0,
    "quiz_points_possible": 20.0,
    "time_spent": 13,
    "attempt": 1,
    "workflow_state": "complete"
  },
  {
    "user_id": 64,
    "quiz_id": 171,
    "submission_id": 592,
    "score": 19.0,
    "quiz_points_possible": 20.0,
    "time_spent": 13,
    "attempt": 1,
    "workflow_state": "complete"
  },
  {
    "user_id": 65,
    "quiz_id": 171,
    "submission_id": 617,
    "score": 19.0,
    "quiz_points_possible": 20.0,
    "time_spent": 13,
    "attempt": 1,
    "workflow_state": "complete"
  },
  {
    "user_id": 66,
    "quiz_id": 171,
    "submission_id": 641,
    "score": 13.0,
    "quiz_points_possible": 20.0,
    "time_spent": 13,
    "attempt": 1,
    "workflow_state": "complete"
  }
]