[
  {
    "user_id": 39,
    "quiz_id": 169,
    "submission_id": 198,
    "score": 18.0,
    "quiz_points_possible": 20.0,
    "time_spent": 13,
    "attempt": 1,
    "workflow_state": "complete"
  },
  {
    "user_id": 40,
    "quiz_id": 169,
    "submission_id": 207,
    "score": 18.0,
    "quiz_points_possible": 20.0,
    "time_spent": 13,
    "attempt": 1,
    "workflow_state": "complete"
  },
  {
    "user_id": 41,
    "quiz_id": 169,
    "submission_id": 229,
    "score": 16.0,
    "quiz_points_possible": 20.0,
    "time_spent": 13,
    "attempt": 1,
    "workflow_state": "complete"
  },
  {
    "user_id": 42,
    "quiz_id": 169,
    "submission_id": 241,
    "score": 14.0,
    "quiz_points_possible": 20.0,
    "time_spent": 13,
    "attempt": 1,
    "workflow_state": "complete"
  },
  {
    "user_id": 43,
    "quiz_id": 169,
    "submission_id": 263,
    "score": 18.0,
    "quiz_points_possible": 20.0,
    "time_spent": 13,
    "attempt": 1,
    "workflow_state": "complete"
  },
  {
    "user_id": 46,
    "quiz_id": 169,
    "submission_id": 281,
    "score": 18.0,
    "quiz_points_possible": 20.0,
    "time_spent": 13,
    "attempt": 1,
    "workflow_state": "complete"
  },
  {
    "user_id": 47,
    "quiz_id": 169,
    "submission_id": 297,
    "score": 15.0,
    "quiz_points_possible": 20.0,
    "time_spent": 13,
    "attempt": 1,
    "workflow_state": "complete"
  },
  {
    "user_id": 48,
    "quiz_id": 169,
    "submission_id": 307,
    "score": 16.0,
    "quiz_points_possible": 20.0,
    "time_spent": 13,
    "attempt": 1,
    "workflow_state": "complete"
  },
  {
    "user_id": 49,
    "quiz_id": 169,
    "submission_id": 322,
    "score": 19.0,
    "quiz_points_possible": 20.0,
    "time_spent": 13,
    "attempt": 1,
    "workflow_state": "complete"
  },
  {
    "user_id": 51,
    "quiz_id": 169,
    "submission_id": 345,
    "score": 15.0,
    "quiz_points_possible": 20.0,
    "time_spent": 13,
    "attempt": 1,
    "workflow_state": "complete"
  },
  {
    "user_id": 52,
    "quiz_id": 169,
    "submission_id": 360,
    "score": 19.0,
    "quiz_points_possible": 20.0,
    "time_spent": 13,
    "attempt": 1,
    "workflow_state": "complete"
  },
  {
    "user_id": 54,
    "quiz_id": 169,
    "submission_id": 384,
    "score": 18.0,
    "quiz_points_possible": 20.0,
    "time_spent": 13,
    "attempt": 1,
    "workflow_state": "complete"
  },
  {
    "user_id": 56,
    "quiz_id": 169,
    "submission_id": 423,
    "score": 19.0,
    "quiz_points_possible": 20.0,
    "time_spent": 13,
    "attempt": 1,
    "workflow_state": "complete"
  },
  {
    "user_id": 57,
    "quiz_id": 169,
    "submission_id": 448,
    "score": 14.0,
    "quiz_points_possible": 20.0,
    "time_spent": 13,
    "attempt": 1,
    "workflow_state": "complete"
  },
  {
    "user_id": 58,
    "quiz_id": 169,
    "submission_id": 478,
    "score": 16.0,
    "quiz_points_possible": 20.0,
    "time_spent": 13,
    "attempt": 1,
    "workflow_state": "complete"
  },
  {
    "user_id": 59,
    "quiz_id": 169,
    "submission_id": 500,
    "score": 18.0,
    "quiz_points_possible": 20.0,
    "time_spent": 17,
    "attempt": 1,
    "workflow_state": "complete"
  },
  {
    "user_id": 60,
    "quiz_id": 169,
    "submission_id": 525,
    "score": 15.0,
    "quiz_points_possible": 20.0,
    "time_spent": 14,
    "attempt": 1,
    "workflow_state": "complete"
  },
  {
    "user_id": 62,
    "quiz_id": 169,
    "submission_id": 554,
    "score": 15.0,
    "quiz_points_possible": 20.0,
    "time_spent": 13,
    "attempt": 1,
    "workflow_state": "complete"
  },
  {
    "user_id": 64,
    "quiz_id": 169,
    "submission_id": 595,
    "score": 18.0,
    "quiz_points_possible": 20.0,
    "time_spent": 13,
    "attempt": 1,
    "workflow_state": "complete"
  },
  {
    "user_id": 65,
    "quiz_id": 169,
    "submission_id": 622,
    "score": 18.0,
    "quiz_points_possible": 20.0,
    "time_spent": 13,
    "attempt": 1,
    "workflow_state": "complete"
  },
  {
    "user_id": 66,
    "quiz_id": 169,
    "submission_id": 643,
    "score": 12.0,
    "quiz_points_possible": 20.0,
    "time_spent": 13,
    "attempt": 1,
    "workflow_state": "complete"
  }
]