[
  {
    "user_id": 39,
    "quiz_id": 168,
    "submission_id": 195,
    "score": 18.0,
    "quiz_points_possible": 20.0,
    "time_spent": 13,
    "attempt": 2,
    "workflow_state": "complete"
  },
  {
    "user_id": 40,
    "quiz_id": 168,
    "submission_id": 208,
    "score": 19.0,
    "quiz_points_possible": 20.0,
    "time_spent": 13,
    "attempt": 1,
    "workflow_state": "complete"
  },
  {
    "user_id": 41,
    "quiz_id": 168,
    "submission_id": 222,
    "score": 17.0,
    "quiz_points_possible": 20.0,
    "time_spent": 13,
    "attempt": 1,
    "workflow_state": "complete"
  },
  {
    "user_id": 42,
    "quiz_id": 168,
    "submission_id": 242,
    "score": 14.0,
    "quiz_points_possible": 20.0,
    "time_spent": 13,
    "attempt": 1,
    "workflow_state": "complete"
  },
  {
    "user_id": 43,
    "quiz_id": 168,
    "submission_id": 262,
    "score": 15.0,
    "quiz_points_possible": 20.0,
    "time_spent": 13,
    "attempt": 1,
    "workflow_state": "complete"
  },
  {
    "user_id": 46,
    "quiz_id": 168,
    "submission_id": 280,
    "score": 19.0,
    "quiz_points_possible": 20.0,
    "time_spent": 13,
    "attempt": 1,
    "workflow_state": "complete"
  },
  {
    "user_id": 47,
    "quiz_id": 168,
    "submission_id": 292,
    "score": 17.0,
    "quiz_points_possible": 20.0,
    "time_spent": 13,
    "attempt": 1,
    "workflow_state": "complete"
  },
  {
    "user_id": 48,
    "quiz_id": 168,
    "submission_id": 312,
    "score": 15.0,
    "quiz_points_possible": 20.0,
    "time_spent": 13,
    "attempt": 1,
    "workflow_state": "complete"
  },
  {
    "user_id": 49,
    "quiz_id": 168,
    "submission_id": 325,
    "score": 18.0,
    "quiz_points_possible": 20.0,
    "time_spent": 13,
    "attempt": 1,
    "workflow_state": "complete"
  },
  {
    "user_id": 51,
    "quiz_id": 168,
    "submission_id": 342,
    "score": 18.0,
    "quiz_points_possible": 20.0,
    "time_spent": 13,
    "attempt": 1,
    "workflow_state": "complete"
  },
  {
    "user_id": 52,
    "quiz_id": 168,
    "submission_id": 359,
    "score": 18.0,
    "quiz_points_possible": 20.0,
    "time_spent": 13,
    "attempt": 1,
    "workflow_state": "complete"
  },
  {
    "user_id": 54,
    "quiz_id": 168,
    "submission_id": 380,
    "score": 18.0,
    "quiz_points_possible": 20.0,
    "time_spent": 13,
    "attempt": 1,
    "workflow_state": "complete"
  },
  {
    "user_id": 55,
    "quiz_id": 168,
    "submission_id": 404,
    "score": 17.0,
    "quiz_points_possible": 20.0,
    "time_spent": 13,
    "attempt": 1,
    "workflow_state": "complete"
  },
  {
    "user_id": 56,
    "quiz_id": 168,
    "submission_id": 422,
    "score": 18.0,
    "quiz_points_possible": 20.0,
    "time_spent": 13,
    "attempt": 1,
    "workflow_state": "complete"
  },
  {
    "user_id": 57,
    "quiz_id": 168,
    "submission_id": 454,
    "score": 15.0,
    "quiz_points_possible": 20.0,
    "time_spent": 13,
    "attempt": 1,
    "workflow_state": "complete"
  },
  {
    "user_id": 58,
    "quiz_id": 168,
    "submission_id": 479,
    "score": 17.0,
    "quiz_points_possible": 20.0,
    "time_spent": 13,
    "attempt": 1,
    "workflow_state": "complete"
  },
  {
    "user_id": 59,
    "quiz_id": 168,
    "submission_id": 495,
    "score": 18.0,
    "quiz_points_possible": 20.0,
    "time_spent": 17,
    "attempt": 1,
    "workflow_state": "complete"
  },
  {
    "user_id": 60,
    "quiz_id": 168,
    "submission_id": 519,
    "score": 17.0,
    "quiz_points_possible": 20.0,
    "time_spent": 13,
    "attempt": 1,
    "workflow_state": "complete"
  },
  {
    "user_id": 62,
    "quiz_id": 168,
    "submission_id": 550,
    "score": 16.0,
    "quiz_points_possible": 20.0,
    "time_spent": 13,
    "attempt": 1,
    "workflow_state": "complete"
  },
  {
    "user_id": 63,
    "quiz_id": 168,
    "submission_id": 571,
    "score": 17.0,
    "quiz_points_possible": 20.0,
    "time_spent": 13,
    "attempt": 1,
    "workflow_state": "complete"
  },
  {
    "user_id": 64,
    "quiz_id": 168,
    "submission_id": 596,
    "score": 18.0,
    "quiz_points_possible": 20.0,
    "time_spent": 13,
    "attempt": 1,
    "workflow_state": "complete"
  },
  {
    "user_id": 65,
    "quiz_id": 168,
    "submission_id": 620,
    "score": 18.0,
    "quiz_points_possible": 20.0,
    "time_spent": 13,
    "attempt": 1,
    "workflow_state": "complete"
  },
  {
    "user_id": 66,
    "quiz_id": 168,
    "submission_id": 639,
    "score": 12.0,
    "quiz_points_possible": 20.0,
    "time_spent": 13,
    "attempt": 1,
    "workflow_state": "complete"
  }
]