[
  {
    "user_id": 39,
    "quiz_id": 175,
    "submission_id": 193,
    "score": 18.0,
    "quiz_points_possible": 20.0,
    "time_spent": 13,
    "attempt": 2,
    "workflow_state": "complete"
  },
  {
    "user_id": 40,
    "quiz_id": 175,
    "submission_id": 213,
    "score": 18.0,
    "quiz_points_possible": 20.0,
    "time_spent": 13,
    "attempt": 1,
    "workflow_state": "complete"
  },
  {
    "user_id": 41,
    "quiz_id": 175,
    "submission_id": 221,
    "score": 16.0,
    "quiz_points_possible": 20.0,
    "time_spent": 13,
    "attempt": 1,
    "workflow_state": "complete"
  },
  {
    "user_id": 42,
    "quiz_id": 175,
    "submission_id": 245,
    "score": 13.0,
    "quiz_points_possible": 20.0,
    "time_spent": 13,
    "attempt": 1,
    "workflow_state": "complete"
  },
  {
    "user_id": 43,
    "quiz_id": 175,
    "submission_id": 255,
    "score": 16.0,
    "quiz_points_possible": 20.0,
    "time_spent": 13,
    "attempt": 1,
    "workflow_state": "complete"
  },
  {
    "user_id": 46,
    "quiz_id": 175,
    "submission_id": 275,
    "score": 19.0,
    "quiz_points_possible": 20.0,
    "time_spent": 13,
    "attempt": 1,
    "workflow_state": "complete"
  },
  {
    "user_id": 47,
    "quiz_id": 175,
    "submission_id": 296,
    "score": 16.0,
    "quiz_points_possible": 20.0,
    "time_spent": 13,
    "attempt": 1,
    "workflow_state": "complete"
  },
  {
    "user_id": 48,
    "quiz_id": 175,
    "submission_id": 310,
    "score": 16.0,
    "quiz_points_possible": 20.0,
    "time_spent": 13,
    "attempt": 1,
    "workflow_state": "complete"
  },
  {
    "user_id": 49,
    "quiz_id": 175,
    "submission_id": 331,
    "score": 18.0,
    "quiz_points_possible": 20.0,
    "time_spent": 13,
    "attempt": 1,
    "workflow_state": "complete"
  },
  {
    "user_id": 51,
    "quiz_id": 175,
    "submission_id": 347,
    "score": 17.0,
    "quiz_points_possible": 20.0,
    "time_spent": 13,
    "attempt": 1,
    "workflow_state": "complete"
  },
  {
    "user_id": 52,
    "quiz_id": 175,
    "submission_id": 358,
    "score": 19.0,
    "quiz_points_possible": 20.0,
    "time_spent": 12,
    "attempt": 1,
    "workflow_state": "complete"
  },
  {
    "user_id": 54,
    "quiz_id": 175,
    "submission_id": 378,
    "score": 18.0,
    "quiz_points_possible": 20.0,
    "time_spent": 14,
    "attempt": 1,
    "workflow_state": "complete"
  },
  {
    "user_id": 56,
    "quiz_id": 175,
    "submission_id": 429,
    "score": 18.0,
    "quiz_points_possible": 20.0,
    "time_spent": 13,
    "attempt": 1,
    "workflow_state": "complete"
  },
  {
    "user_id": 57,
    "quiz_id": 175,
    "submission_id": 452,
    "score": 15.0,
    "quiz_points_possible": 20.0,
    "time_spent": 13,
    "attempt": 1,
    "workflow_state": "complete"
  },
  {
    "user_id": 58,
    "quiz_id": 175,
    "submission_id": 471,
    "score": 17.0,
    "quiz_points_possible": 20.0,
    "time_spent": 13,
    "attempt": 1,
    "workflow_state": "complete"
  },
  {
    "user_id": 59,
    "quiz_id": 175,
    "submission_id": 497,
    "score": 19.0,
    "quiz_points_possible": 20.0,
    "time_spent": 19,
    "attempt": 1,
    "workflow_state": "complete"
  },
  {
    "user_id": 60,
    "quiz_id": 175,
    "submission_id": 526,
    "score": 17.0,
    "quiz_points_possible": 20.0,
    "time_spent": 14,
    "attempt": 1,
    "workflow_state": "complete"
  },
  {
    "user_id": 62,
    "quiz_id": 175,
    "submission_id": 548,
    "score": 16.0,
    "quiz_points_possible": 20.0,
    "time_spent": 13,
    "attempt": 1,
    "workflow_state": "complete"
  },
  {
    "user_id": 63,
    "quiz_id": 175,
    "submission_id": 574,
    "score": 17.0,
    "quiz_points_possible": 20.0,
    "time_spent": 13,
    "attempt": 1,
    "workflow_state": "complete"
  },
  {
    "user_id": 64,
    "quiz_id": 175,
    "submission_id": 597,
    "score": 19.0,
    "quiz_points_possible": 20.0,
    "time_spent": 13,
    "attempt": 1,
    "workflow_state": "complete"
  },
  {
    "user_id": 65,
    "quiz_id": 175,
    "submission_id": 618,
    "score": 19.0,
    "quiz_points_possible": 20.0,
    "time_spent": 13,
    "attempt": 1,
    "workflow_state": "complete"
  },
  {
    "user_id": 66,
    "quiz_id": 175,
    "submission_id": 647,
    "score": 14.0,
    "quiz_points_possible": 20.0,
    "time_spent": 13,
    "attempt": 1,
    "workflow_state": "complete"
  }
]