{
  "id": "lesson_bai-07-xay-dung-ung-dung-asp-dot-net-core-mvc",
  "title": "lesson_bai-07-xay-dung-ung-dung-asp-dot-net-core-mvc",
  "body": "<h1>🧩 BÀI 07 – XÂY DỰNG ỨNG DỤNG ASP.NET CORE MVC</h1><h2>🎯 Mục tiêu học tập</h2><ul><li>Hiểu quy trình phát triển ứng dụng CRUD (Create–Read–Update–Delete) với ASP.NET Core MVC.</li><li>Biết cách tạo Model, Controller, View bằng Entity Framework Core.</li><li>Thực hành kết nối cơ sở dữ liệu, hiển thị dữ liệu bằng Razor View.</li><li>Xử lý form nhập liệu, validation và routing trong MVC Core.</li></ul><hr><h2>1. Mô tả bài thực hành</h2><p>Chúng ta sẽ xây dựng ứng dụng <b>Quản lý Sinh viên (Student Management)</b> với các chức năng:</p><ul><li>Xem danh sách sinh viên (List)</li><li>Thêm sinh viên mới (Create)</li><li>Chỉnh sửa thông tin (Edit)</li><li>Xóa sinh viên (Delete)</li><li>Xem chi tiết sinh viên (Details)</li></ul><p>Công nghệ sử dụng:</p><ul><li>ASP.NET Core MVC (.NET 6/8)</li><li>Entity Framework Core (EF Core)</li><li>SQL Server LocalDB</li><li>Bootstrap 5 + Razor</li></ul><hr><h2>2. Cấu trúc project</h2><pre><code>StudentApp/├── Controllers/│   └── StudentsController.cs├── Models/│   ├── Student.cs│   └── AppDbContext.cs├── Views/│   └── Students/│       ├── Index.cshtml│       ├── Create.cshtml│       ├── Edit.cshtml│       ├── Details.cshtml│       └── Delete.cshtml├── appsettings.json├── Program.cs└── Startup.cs</code></pre><hr><h2>3. Tạo Model và DbContext</h2><pre><code>using Microsoft.EntityFrameworkCore;namespace StudentApp.Models{    public class Student    {        public int Id { get; set; }        public string Name { get; set; }        public string Email { get; set; }        public double GPA { get; set; }    }    public class AppDbContext : DbContext    {        public AppDbContext(DbContextOptions options) : base(options) { }        public DbSet&lt;Student&gt; Students { get; set; }    }}</code></pre><p>Thêm chuỗi kết nối trong <b>appsettings.json</b>:</p><pre><code>{  \"ConnectionStrings\": {    \"DefaultConnection\": \"Server=(localdb)\\\\\\\\MSSQLLocalDB;Database=StudentDB;Trusted_Connection=True;\"  }}</code></pre><p>Đăng ký DbContext trong <b>Program.cs</b>:</p><pre><code>builder.Services.AddDbContext&lt;AppDbContext&gt;(    options =&gt; options.UseSqlServer(builder.Configuration.GetConnectionString(\"DefaultConnection\")));</code></pre><hr><h2>4. Tạo Controller và View</h2><p>Chạy lệnh trong Terminal hoặc Package Manager Console:</p><pre><code>dotnet aspnet-codegenerator controller -name StudentsController -m Student -dc AppDbContext --relativeFolderPath Controllers --useDefaultLayout --referenceScriptLibraries</code></pre><p>Lệnh này sẽ tự động tạo controller và view CRUD đầy đủ.</p><hr><h2>5. Hiển thị danh sách sinh viên</h2><pre><code>public async Task Index(){    return View(await _context.Students.ToListAsync());}</code></pre><pre><code>@model IEnumerable&lt;StudentApp.Models.Student&gt;&lt;h2&gt;Danh sách sinh viên&lt;/h2&gt;&lt;p&gt;&lt;a asp-action=\"Create\" class=\"btn btn-primary\"&gt;Thêm sinh viên&lt;/a&gt;&lt;/p&gt;&lt;table class=\"table table-bordered\"&gt;  &lt;thead&gt;    &lt;tr&gt;&lt;th&gt;Tên&lt;/th&gt;&lt;th&gt;Email&lt;/th&gt;&lt;th&gt;GPA&lt;/th&gt;&lt;th&gt;Tác vụ&lt;/th&gt;&lt;/tr&gt;  &lt;/thead&gt;  &lt;tbody&gt;  @foreach (var item in Model) {    &lt;tr&gt;      &lt;td&gt;@item.Name&lt;/td&gt;      &lt;td&gt;@item.Email&lt;/td&gt;      &lt;td&gt;@item.GPA&lt;/td&gt;      &lt;td&gt;        &lt;a asp-action=\"Edit\" asp-route-id=\"@item.Id\" class=\"btn btn-sm btn-warning\"&gt;Sửa&lt;/a&gt;        &lt;a asp-action=\"Details\" asp-route-id=\"@item.Id\" class=\"btn btn-sm btn-info\"&gt;Chi tiết&lt;/a&gt;        &lt;a asp-action=\"Delete\" asp-route-id=\"@item.Id\" class=\"btn btn-sm btn-danger\"&gt;Xóa&lt;/a&gt;      &lt;/td&gt;    &lt;/tr&gt;  }  &lt;/tbody&gt;&lt;/table&gt;</code></pre><hr><h2>6. Thêm mới sinh viên (Create)</h2><pre><code>[HttpPost][ValidateAntiForgeryToken]public async Task Create(Student student){    if (ModelState.IsValid)    {        _context.Add(student);        await _context.SaveChangesAsync();        return RedirectToAction(nameof(Index));    }    return View(student);}</code></pre><pre><code>@model StudentApp.Models.Student&lt;h2&gt;Thêm sinh viên&lt;/h2&gt;&lt;form asp-action=\"Create\" method=\"post\" class=\"form-control\"&gt;  &lt;div&gt;    &lt;label&gt;Tên&lt;/label&gt;    &lt;input asp-for=\"Name\" class=\"form-control\" /&gt;  &lt;/div&gt;  &lt;div&gt;    &lt;label&gt;Email&lt;/label&gt;    &lt;input asp-for=\"Email\" class=\"form-control\" /&gt;  &lt;/div&gt;  &lt;div&gt;    &lt;label&gt;GPA&lt;/label&gt;    &lt;input asp-for=\"GPA\" class=\"form-control\" /&gt;  &lt;/div&gt;  &lt;button type=\"submit\" class=\"btn btn-success mt-3\"&gt;Lưu&lt;/button&gt;&lt;/form&gt;</code></pre><hr><h2>7. Sửa, Xóa và Xem chi tiết</h2><ul><li><b>Edit:</b> Cập nhật dữ liệu với <code>_context.Update()</code>.</li><li><b>Delete:</b> Xóa bản ghi với <code>_context.Remove()</code>.</li><li><b>Details:</b> Hiển thị chi tiết từng sinh viên.</li></ul><hr><h2>8. Validation dữ liệu</h2><pre><code>using System.ComponentModel.DataAnnotations;public class Student{    public int Id { get; set; }    [Required(ErrorMessage = \"Tên bắt buộc\")]    public string Name { get; set; }    [EmailAddress(ErrorMessage = \"Email không hợp lệ\")]    public string Email { get; set; }    [Range(0, 10, ErrorMessage = \"GPA phải từ 0–10\")]    public double GPA { get; set; }}</code></pre><pre><code>&lt;div asp-validation-summary=\"All\" class=\"text-danger\"&gt;&lt;/div&gt;&lt;span asp-validation-for=\"Name\" class=\"text-danger\"&gt;&lt;/span&gt;</code></pre><hr><h2>9. Kết quả</h2><p>Ứng dụng CRUD MVC hoàn chỉnh với Bootstrap đẹp, validation đầy đủ và kết nối SQL Server hoạt động ổn định.</p><p>Link truy cập ví dụ: <code>https://localhost:5001/Students</code></p><hr><h2>🧠 Bài tập thực hành</h2><ol><li>Tạo project ASP.NET Core MVC với tên <b>StudentApp</b>.</li><li>Thiết kế Model Student có Id, Name, Email, GPA.</li><li>Thêm CRUD Controller và View bằng Scaffold.</li><li>Áp dụng Validation cho dữ liệu đầu vào.</li><li>Thêm chức năng tìm kiếm sinh viên theo tên (Search bar trên Index.cshtml).</li></ol><hr><h2>✅ Tổng kết</h2><ul><li>Nắm được quy trình phát triển ứng dụng ASP.NET Core MVC hoàn chỉnh.</li><li>Thực hành CRUD và kết nối CSDL bằng EF Core.</li><li>Hiểu rõ cách sử dụng Scaffold, Routing, Validation và Razor View.</li></ul>",
  "updated_at": null
}