[
  {
    "id": 1082,
    "quiz_id": 120,
    "quiz_group_id": null,
    "assessment_question_id": 1082,
    "position": null,
    "question_name": "Câu hỏi",
    "question_type": "multiple_choice_question",
    "question_text": "<p>Chi phí trong dự án CNTT bao gồm các loại nào sau đây?</p>",
    "points_possible": 1.0,
    "correct_comments": "",
    "incorrect_comments": "",
    "neutral_comments": "",
    "correct_comments_html": "",
    "incorrect_comments_html": "",
    "neutral_comments_html": "",
    "answers": [
      {
        "id": 7818,
        "text": "Nhân sự, phần mềm, phần cứng, đào tạo",
        "html": "",
        "comments": "",
        "comments_html": "",
        "weight": 100.0
      },
      {
        "id": 4755,
        "text": "Chỉ nhân sự",
        "html": "",
        "comments": "",
        "comments_html": "",
        "weight": 0.0
      },
      {
        "id": 6871,
        "text": "Chỉ phần mềm",
        "html": "",
        "comments": "",
        "comments_html": "",
        "weight": 0.0
      },
      {
        "id": 4873,
        "text": "Chỉ quản lý",
        "html": "",
        "comments": "",
        "comments_html": "",
        "weight": 0.0
      }
    ],
    "variables": null,
    "formulas": null,
    "answer_tolerance": null,
    "formula_decimal_places": null,
    "matches": null,
    "matching_answer_incorrect_matches": null
  },
  {
    "id": 1083,
    "quiz_id": 120,
    "quiz_group_id": null,
    "assessment_question_id": 1083,
    "position": null,
    "question_name": "Câu hỏi",
    "question_type": "multiple_choice_question",
    "question_text": "<p>Mục tiêu chính của quản lý chi phí dự án là gì?</p>",
    "points_possible": 1.0,
    "correct_comments": "",
    "incorrect_comments": "",
    "neutral_comments": "",
    "correct_comments_html": "",
    "incorrect_comments_html": "",
    "neutral_comments_html": "",
    "answers": [
      {
        "id": 2973,
        "text": "Hoàn thành trong giới hạn ngân sách",
        "html": "",
        "comments": "",
        "comments_html": "",
        "weight": 100.0
      },
      {
        "id": 145,
        "text": "Tăng lợi nhuận",
        "html": "",
        "comments": "",
        "comments_html": "",
        "weight": 0.0
      },
      {
        "id": 796,
        "text": "Rút ngắn tiến độ",
        "html": "",
        "comments": "",
        "comments_html": "",
        "weight": 0.0
      },
      {
        "id": 7945,
        "text": "Tăng chất lượng",
        "html": "",
        "comments": "",
        "comments_html": "",
        "weight": 0.0
      }
    ],
    "variables": null,
    "formulas": null,
    "answer_tolerance": null,
    "formula_decimal_places": null,
    "matches": null,
    "matching_answer_incorrect_matches": null
  },
  {
    "id": 1084,
    "quiz_id": 120,
    "quiz_group_id": null,
    "assessment_question_id": 1084,
    "position": null,
    "question_name": "Câu hỏi",
    "question_type": "multiple_choice_question",
    "question_text": "<p>Phương pháp ước lượng nào dựa trên dữ liệu lịch sử dự án tương tự?</p>",
    "points_possible": 1.0,
    "correct_comments": "",
    "incorrect_comments": "",
    "neutral_comments": "",
    "correct_comments_html": "",
    "incorrect_comments_html": "",
    "neutral_comments_html": "",
    "answers": [
      {
        "id": 7059,
        "text": "Analogous Estimating",
        "html": "",
        "comments": "",
        "comments_html": "",
        "weight": 100.0
      },
      {
        "id": 7579,
        "text": "Parametric",
        "html": "",
        "comments": "",
        "comments_html": "",
        "weight": 0.0
      },
      {
        "id": 6063,
        "text": "Bottom-Up",
        "html": "",
        "comments": "",
        "comments_html": "",
        "weight": 0.0
      },
      {
        "id": 3005,
        "text": "Three-Point",
        "html": "",
        "comments": "",
        "comments_html": "",
        "weight": 0.0
      }
    ],
    "variables": null,
    "formulas": null,
    "answer_tolerance": null,
    "formula_decimal_places": null,
    "matches": null,
    "matching_answer_incorrect_matches": null
  },
  {
    "id": 1085,
    "quiz_id": 120,
    "quiz_group_id": null,
    "assessment_question_id": 1085,
    "position": null,
    "question_name": "Câu hỏi",
    "question_type": "multiple_choice_question",
    "question_text": "<p>Công thức tính ROI là gì?</p>",
    "points_possible": 1.0,
    "correct_comments": "",
    "incorrect_comments": "",
    "neutral_comments": "",
    "correct_comments_html": "",
    "incorrect_comments_html": "",
    "neutral_comments_html": "",
    "answers": [
      {
        "id": 1481,
        "text": "ROI = (Lợi nhuận ròng / Chi phí đầu tư) × 100%",
        "html": "",
        "comments": "",
        "comments_html": "",
        "weight": 100.0
      },
      {
        "id": 2722,
        "text": "ROI = Chi phí / Lợi nhuận",
        "html": "",
        "comments": "",
        "comments_html": "",
        "weight": 0.0
      },
      {
        "id": 4133,
        "text": "ROI = EV / PV",
        "html": "",
        "comments": "",
        "comments_html": "",
        "weight": 0.0
      },
      {
        "id": 1201,
        "text": "ROI = (NPV × r)/100",
        "html": "",
        "comments": "",
        "comments_html": "",
        "weight": 0.0
      }
    ],
    "variables": null,
    "formulas": null,
    "answer_tolerance": null,
    "formula_decimal_places": null,
    "matches": null,
    "matching_answer_incorrect_matches": null
  },
  {
    "id": 1086,
    "quiz_id": 120,
    "quiz_group_id": null,
    "assessment_question_id": 1086,
    "position": null,
    "question_name": "Câu hỏi",
    "question_type": "multiple_choice_question",
    "question_text": "<p>Khi NPV &lt; 0, điều đó có nghĩa là gì?</p>",
    "points_possible": 1.0,
    "correct_comments": "",
    "incorrect_comments": "",
    "neutral_comments": "",
    "correct_comments_html": "",
    "incorrect_comments_html": "",
    "neutral_comments_html": "",
    "answers": [
      {
        "id": 457,
        "text": "Dự án không khả thi về tài chính",
        "html": "",
        "comments": "",
        "comments_html": "",
        "weight": 100.0
      },
      {
        "id": 1015,
        "text": "Dự án có lợi nhuận",
        "html": "",
        "comments": "",
        "comments_html": "",
        "weight": 0.0
      },
      {
        "id": 7852,
        "text": "Dự án không có chi phí",
        "html": "",
        "comments": "",
        "comments_html": "",
        "weight": 0.0
      },
      {
        "id": 3837,
        "text": "Không có ý nghĩa",
        "html": "",
        "comments": "",
        "comments_html": "",
        "weight": 0.0
      }
    ],
    "variables": null,
    "formulas": null,
    "answer_tolerance": null,
    "formula_decimal_places": null,
    "matches": null,
    "matching_answer_incorrect_matches": null
  },
  {
    "id": 1087,
    "quiz_id": 120,
    "quiz_group_id": null,
    "assessment_question_id": 1087,
    "position": null,
    "question_name": "Câu hỏi",
    "question_type": "multiple_choice_question",
    "question_text": "<p>Trong EVM, chỉ số nào phản ánh hiệu suất chi phí?</p>",
    "points_possible": 1.0,
    "correct_comments": "",
    "incorrect_comments": "",
    "neutral_comments": "",
    "correct_comments_html": "",
    "incorrect_comments_html": "",
    "neutral_comments_html": "",
    "answers": [
      {
        "id": 4429,
        "text": "CPI (Cost Performance Index)",
        "html": "",
        "comments": "",
        "comments_html": "",
        "weight": 100.0
      },
      {
        "id": 9052,
        "text": "SPI",
        "html": "",
        "comments": "",
        "comments_html": "",
        "weight": 0.0
      },
      {
        "id": 9277,
        "text": "ROI",
        "html": "",
        "comments": "",
        "comments_html": "",
        "weight": 0.0
      },
      {
        "id": 8360,
        "text": "NPV",
        "html": "",
        "comments": "",
        "comments_html": "",
        "weight": 0.0
      }
    ],
    "variables": null,
    "formulas": null,
    "answer_tolerance": null,
    "formula_decimal_places": null,
    "matches": null,
    "matching_answer_incorrect_matches": null
  },
  {
    "id": 1088,
    "quiz_id": 120,
    "quiz_group_id": null,
    "assessment_question_id": 1088,
    "position": null,
    "question_name": "Câu hỏi",
    "question_type": "multiple_choice_question",
    "question_text": "<p>Công thức EAC (Estimate At Completion) là gì?</p>",
    "points_possible": 1.0,
    "correct_comments": "",
    "incorrect_comments": "",
    "neutral_comments": "",
    "correct_comments_html": "",
    "incorrect_comments_html": "",
    "neutral_comments_html": "",
    "answers": [
      {
        "id": 188,
        "text": "EAC = BAC / CPI",
        "html": "",
        "comments": "",
        "comments_html": "",
        "weight": 100.0
      },
      {
        "id": 6519,
        "text": "EAC = EV × CPI",
        "html": "",
        "comments": "",
        "comments_html": "",
        "weight": 0.0
      },
      {
        "id": 3490,
        "text": "EAC = AC + EV",
        "html": "",
        "comments": "",
        "comments_html": "",
        "weight": 0.0
      },
      {
        "id": 1752,
        "text": "EAC = BAC × SPI",
        "html": "",
        "comments": "",
        "comments_html": "",
        "weight": 0.0
      }
    ],
    "variables": null,
    "formulas": null,
    "answer_tolerance": null,
    "formula_decimal_places": null,
    "matches": null,
    "matching_answer_incorrect_matches": null
  },
  {
    "id": 1089,
    "quiz_id": 120,
    "quiz_group_id": null,
    "assessment_question_id": 1089,
    "position": null,
    "question_name": "Câu hỏi",
    "question_type": "multiple_choice_question",
    "question_text": "<p>Trong ví dụ: EV=40,000đ, AC=50,000đ, CPI=0.8 → điều này cho thấy gì?</p>",
    "points_possible": 1.0,
    "correct_comments": "",
    "incorrect_comments": "",
    "neutral_comments": "",
    "correct_comments_html": "",
    "incorrect_comments_html": "",
    "neutral_comments_html": "",
    "answers": [
      {
        "id": 2435,
        "text": "Chi phí vượt kế hoạch",
        "html": "",
        "comments": "",
        "comments_html": "",
        "weight": 100.0
      },
      {
        "id": 8485,
        "text": "Chi phí thấp hơn kế hoạch",
        "html": "",
        "comments": "",
        "comments_html": "",
        "weight": 0.0
      },
      {
        "id": 9402,
        "text": "Đúng ngân sách",
        "html": "",
        "comments": "",
        "comments_html": "",
        "weight": 0.0
      },
      {
        "id": 469,
        "text": "Không xác định",
        "html": "",
        "comments": "",
        "comments_html": "",
        "weight": 0.0
      }
    ],
    "variables": null,
    "formulas": null,
    "answer_tolerance": null,
    "formula_decimal_places": null,
    "matches": null,
    "matching_answer_incorrect_matches": null
  },
  {
    "id": 1090,
    "quiz_id": 120,
    "quiz_group_id": null,
    "assessment_question_id": 1090,
    "position": null,
    "question_name": "Câu hỏi",
    "question_type": "multiple_choice_question",
    "question_text": "<p>Khi CPI &gt; 1, điều đó có nghĩa là gì?</p>",
    "points_possible": 1.0,
    "correct_comments": "",
    "incorrect_comments": "",
    "neutral_comments": "",
    "correct_comments_html": "",
    "incorrect_comments_html": "",
    "neutral_comments_html": "",
    "answers": [
      {
        "id": 7802,
        "text": "Chi phí thực tế thấp hơn dự kiến",
        "html": "",
        "comments": "",
        "comments_html": "",
        "weight": 100.0
      },
      {
        "id": 5781,
        "text": "Vượt chi phí",
        "html": "",
        "comments": "",
        "comments_html": "",
        "weight": 0.0
      },
      {
        "id": 2331,
        "text": "Không có thay đổi",
        "html": "",
        "comments": "",
        "comments_html": "",
        "weight": 0.0
      },
      {
        "id": 8266,
        "text": "Sai lệch tiến độ",
        "html": "",
        "comments": "",
        "comments_html": "",
        "weight": 0.0
      }
    ],
    "variables": null,
    "formulas": null,
    "answer_tolerance": null,
    "formula_decimal_places": null,
    "matches": null,
    "matching_answer_incorrect_matches": null
  },
  {
    "id": 1091,
    "quiz_id": 120,
    "quiz_group_id": null,
    "assessment_question_id": 1091,
    "position": null,
    "question_name": "Câu hỏi",
    "question_type": "multiple_choice_question",
    "question_text": "<p>Phương pháp nào cộng dồn chi phí nhỏ từ WBS để ra chi phí tổng thể?</p>",
    "points_possible": 1.0,
    "correct_comments": "",
    "incorrect_comments": "",
    "neutral_comments": "",
    "correct_comments_html": "",
    "incorrect_comments_html": "",
    "neutral_comments_html": "",
    "answers": [
      {
        "id": 8064,
        "text": "Bottom-Up Estimating",
        "html": "",
        "comments": "",
        "comments_html": "",
        "weight": 100.0
      },
      {
        "id": 7162,
        "text": "Parametric",
        "html": "",
        "comments": "",
        "comments_html": "",
        "weight": 0.0
      },
      {
        "id": 8867,
        "text": "Analogous",
        "html": "",
        "comments": "",
        "comments_html": "",
        "weight": 0.0
      },
      {
        "id": 5977,
        "text": "Monte Carlo",
        "html": "",
        "comments": "",
        "comments_html": "",
        "weight": 0.0
      }
    ],
    "variables": null,
    "formulas": null,
    "answer_tolerance": null,
    "formula_decimal_places": null,
    "matches": null,
    "matching_answer_incorrect_matches": null
  },
  {
    "id": 1092,
    "quiz_id": 120,
    "quiz_group_id": null,
    "assessment_question_id": 1092,
    "position": null,
    "question_name": "Câu hỏi",
    "question_type": "multiple_choice_question",
    "question_text": "<p>Nếu EV = 200, PV = 250, SV = EV - PV = -50 → điều gì xảy ra?</p>",
    "points_possible": 1.0,
    "correct_comments": "",
    "incorrect_comments": "",
    "neutral_comments": "",
    "correct_comments_html": "",
    "incorrect_comments_html": "",
    "neutral_comments_html": "",
    "answers": [
      {
        "id": 2364,
        "text": "Dự án chậm tiến độ",
        "html": "",
        "comments": "",
        "comments_html": "",
        "weight": 100.0
      },
      {
        "id": 3637,
        "text": "Vượt chi phí",
        "html": "",
        "comments": "",
        "comments_html": "",
        "weight": 0.0
      },
      {
        "id": 6375,
        "text": "Đúng kế hoạch",
        "html": "",
        "comments": "",
        "comments_html": "",
        "weight": 0.0
      },
      {
        "id": 5532,
        "text": "Dự án kết thúc",
        "html": "",
        "comments": "",
        "comments_html": "",
        "weight": 0.0
      }
    ],
    "variables": null,
    "formulas": null,
    "answer_tolerance": null,
    "formula_decimal_places": null,
    "matches": null,
    "matching_answer_incorrect_matches": null
  },
  {
    "id": 1093,
    "quiz_id": 120,
    "quiz_group_id": null,
    "assessment_question_id": 1093,
    "position": null,
    "question_name": "Câu hỏi",
    "question_type": "multiple_choice_question",
    "question_text": "<p>Thời gian hoàn vốn (Payback Period) cho biết điều gì?</p>",
    "points_possible": 1.0,
    "correct_comments": "",
    "incorrect_comments": "",
    "neutral_comments": "",
    "correct_comments_html": "",
    "incorrect_comments_html": "",
    "neutral_comments_html": "",
    "answers": [
      {
        "id": 6493,
        "text": "Thời gian cần để thu hồi vốn đầu tư",
        "html": "",
        "comments": "",
        "comments_html": "",
        "weight": 100.0
      },
      {
        "id": 3119,
        "text": "Chi phí ban đầu của dự án",
        "html": "",
        "comments": "",
        "comments_html": "",
        "weight": 0.0
      },
      {
        "id": 9769,
        "text": "Hiệu suất chi phí",
        "html": "",
        "comments": "",
        "comments_html": "",
        "weight": 0.0
      },
      {
        "id": 4378,
        "text": "Tỷ lệ chiết khấu",
        "html": "",
        "comments": "",
        "comments_html": "",
        "weight": 0.0
      }
    ],
    "variables": null,
    "formulas": null,
    "answer_tolerance": null,
    "formula_decimal_places": null,
    "matches": null,
    "matching_answer_incorrect_matches": null
  },
  {
    "id": 1094,
    "quiz_id": 120,
    "quiz_group_id": null,
    "assessment_question_id": 1094,
    "position": null,
    "question_name": "Câu hỏi",
    "question_type": "multiple_choice_question",
    "question_text": "<p>Phân tích: BAC=1 tỷ, CPI=0.8 → EAC=?</p>",
    "points_possible": 1.0,
    "correct_comments": "",
    "incorrect_comments": "",
    "neutral_comments": "",
    "correct_comments_html": "",
    "incorrect_comments_html": "",
    "neutral_comments_html": "",
    "answers": [
      {
        "id": 6638,
        "text": "1.25 tỷ",
        "html": "",
        "comments": "",
        "comments_html": "",
        "weight": 100.0
      },
      {
        "id": 5421,
        "text": "0.8 tỷ",
        "html": "",
        "comments": "",
        "comments_html": "",
        "weight": 0.0
      },
      {
        "id": 2143,
        "text": "1 tỷ",
        "html": "",
        "comments": "",
        "comments_html": "",
        "weight": 0.0
      },
      {
        "id": 7752,
        "text": "0.5 tỷ",
        "html": "",
        "comments": "",
        "comments_html": "",
        "weight": 0.0
      }
    ],
    "variables": null,
    "formulas": null,
    "answer_tolerance": null,
    "formula_decimal_places": null,
    "matches": null,
    "matching_answer_incorrect_matches": null
  },
  {
    "id": 1095,
    "quiz_id": 120,
    "quiz_group_id": null,
    "assessment_question_id": 1095,
    "position": null,
    "question_name": "Câu hỏi",
    "question_type": "multiple_choice_question",
    "question_text": "<p>Công thức CV (Cost Variance) là gì?</p>",
    "points_possible": 1.0,
    "correct_comments": "",
    "incorrect_comments": "",
    "neutral_comments": "",
    "correct_comments_html": "",
    "incorrect_comments_html": "",
    "neutral_comments_html": "",
    "answers": [
      {
        "id": 2627,
        "text": "CV = EV – AC",
        "html": "",
        "comments": "",
        "comments_html": "",
        "weight": 100.0
      },
      {
        "id": 9032,
        "text": "CV = AC – EV",
        "html": "",
        "comments": "",
        "comments_html": "",
        "weight": 0.0
      },
      {
        "id": 4732,
        "text": "CV = PV – EV",
        "html": "",
        "comments": "",
        "comments_html": "",
        "weight": 0.0
      },
      {
        "id": 5257,
        "text": "CV = SPI × CPI",
        "html": "",
        "comments": "",
        "comments_html": "",
        "weight": 0.0
      }
    ],
    "variables": null,
    "formulas": null,
    "answer_tolerance": null,
    "formula_decimal_places": null,
    "matches": null,
    "matching_answer_incorrect_matches": null
  },
  {
    "id": 1096,
    "quiz_id": 120,
    "quiz_group_id": null,
    "assessment_question_id": 1096,
    "position": null,
    "question_name": "Câu hỏi",
    "question_type": "multiple_choice_question",
    "question_text": "<p>Nếu CV &lt; 0 thì:</p>",
    "points_possible": 1.0,
    "correct_comments": "",
    "incorrect_comments": "",
    "neutral_comments": "",
    "correct_comments_html": "",
    "incorrect_comments_html": "",
    "neutral_comments_html": "",
    "answers": [
      {
        "id": 6689,
        "text": "Dự án vượt chi phí",
        "html": "",
        "comments": "",
        "comments_html": "",
        "weight": 100.0
      },
      {
        "id": 4669,
        "text": "Chi phí thấp hơn",
        "html": "",
        "comments": "",
        "comments_html": "",
        "weight": 0.0
      },
      {
        "id": 6292,
        "text": "Không thay đổi",
        "html": "",
        "comments": "",
        "comments_html": "",
        "weight": 0.0
      },
      {
        "id": 2220,
        "text": "Dự án chậm tiến độ",
        "html": "",
        "comments": "",
        "comments_html": "",
        "weight": 0.0
      }
    ],
    "variables": null,
    "formulas": null,
    "answer_tolerance": null,
    "formula_decimal_places": null,
    "matches": null,
    "matching_answer_incorrect_matches": null
  },
  {
    "id": 1097,
    "quiz_id": 120,
    "quiz_group_id": null,
    "assessment_question_id": 1097,
    "position": null,
    "question_name": "Câu hỏi",
    "question_type": "multiple_choice_question",
    "question_text": "<p>NPV được tính bằng công thức nào?</p>",
    "points_possible": 1.0,
    "correct_comments": "",
    "incorrect_comments": "",
    "neutral_comments": "",
    "correct_comments_html": "",
    "incorrect_comments_html": "",
    "neutral_comments_html": "",
    "answers": [
      {
        "id": 4981,
        "text": "Σ [CFt / (1 + r)^t] – C0",
        "html": "",
        "comments": "",
        "comments_html": "",
        "weight": 100.0
      },
      {
        "id": 7901,
        "text": "Σ (EV / PV)",
        "html": "",
        "comments": "",
        "comments_html": "",
        "weight": 0.0
      },
      {
        "id": 5359,
        "text": "(ROI × r)/100",
        "html": "",
        "comments": "",
        "comments_html": "",
        "weight": 0.0
      },
      {
        "id": 276,
        "text": "CPI × SPI",
        "html": "",
        "comments": "",
        "comments_html": "",
        "weight": 0.0
      }
    ],
    "variables": null,
    "formulas": null,
    "answer_tolerance": null,
    "formula_decimal_places": null,
    "matches": null,
    "matching_answer_incorrect_matches": null
  },
  {
    "id": 1098,
    "quiz_id": 120,
    "quiz_group_id": null,
    "assessment_question_id": 1098,
    "position": null,
    "question_name": "Câu hỏi",
    "question_type": "multiple_choice_question",
    "question_text": "<p>Nếu NPV = 200 triệu và ROI = 20%, điều này cho thấy:</p>",
    "points_possible": 1.0,
    "correct_comments": "",
    "incorrect_comments": "",
    "neutral_comments": "",
    "correct_comments_html": "",
    "incorrect_comments_html": "",
    "neutral_comments_html": "",
    "answers": [
      {
        "id": 4067,
        "text": "Dự án có lợi nhuận tài chính",
        "html": "",
        "comments": "",
        "comments_html": "",
        "weight": 100.0
      },
      {
        "id": 8592,
        "text": "Dự án lỗ",
        "html": "",
        "comments": "",
        "comments_html": "",
        "weight": 0.0
      },
      {
        "id": 730,
        "text": "Không hiệu quả",
        "html": "",
        "comments": "",
        "comments_html": "",
        "weight": 0.0
      },
      {
        "id": 8060,
        "text": "Chưa có thông tin",
        "html": "",
        "comments": "",
        "comments_html": "",
        "weight": 0.0
      }
    ],
    "variables": null,
    "formulas": null,
    "answer_tolerance": null,
    "formula_decimal_places": null,
    "matches": null,
    "matching_answer_incorrect_matches": null
  },
  {
    "id": 1099,
    "quiz_id": 120,
    "quiz_group_id": null,
    "assessment_question_id": 1099,
    "position": null,
    "question_name": "Câu hỏi",
    "question_type": "multiple_choice_question",
    "question_text": "<p>Trong EVM, chỉ số nào dùng để đo tiến độ?</p>",
    "points_possible": 1.0,
    "correct_comments": "",
    "incorrect_comments": "",
    "neutral_comments": "",
    "correct_comments_html": "",
    "incorrect_comments_html": "",
    "neutral_comments_html": "",
    "answers": [
      {
        "id": 152,
        "text": "SPI (Schedule Performance Index)",
        "html": "",
        "comments": "",
        "comments_html": "",
        "weight": 100.0
      },
      {
        "id": 1613,
        "text": "ROI",
        "html": "",
        "comments": "",
        "comments_html": "",
        "weight": 0.0
      },
      {
        "id": 455,
        "text": "NPV",
        "html": "",
        "comments": "",
        "comments_html": "",
        "weight": 0.0
      },
      {
        "id": 222,
        "text": "CPI",
        "html": "",
        "comments": "",
        "comments_html": "",
        "weight": 0.0
      }
    ],
    "variables": null,
    "formulas": null,
    "answer_tolerance": null,
    "formula_decimal_places": null,
    "matches": null,
    "matching_answer_incorrect_matches": null
  },
  {
    "id": 1100,
    "quiz_id": 120,
    "quiz_group_id": null,
    "assessment_question_id": 1100,
    "position": null,
    "question_name": "Câu hỏi",
    "question_type": "multiple_choice_question",
    "question_text": "<p>Một dự án có EV=100, AC=90, PV=120 → CPI=?</p>",
    "points_possible": 1.0,
    "correct_comments": "",
    "incorrect_comments": "",
    "neutral_comments": "",
    "correct_comments_html": "",
    "incorrect_comments_html": "",
    "neutral_comments_html": "",
    "answers": [
      {
        "id": 5127,
        "text": "1.11",
        "html": "",
        "comments": "",
        "comments_html": "",
        "weight": 100.0
      },
      {
        "id": 5857,
        "text": "0.9",
        "html": "",
        "comments": "",
        "comments_html": "",
        "weight": 0.0
      },
      {
        "id": 4407,
        "text": "1.33",
        "html": "",
        "comments": "",
        "comments_html": "",
        "weight": 0.0
      },
      {
        "id": 578,
        "text": "0.75",
        "html": "",
        "comments": "",
        "comments_html": "",
        "weight": 0.0
      }
    ],
    "variables": null,
    "formulas": null,
    "answer_tolerance": null,
    "formula_decimal_places": null,
    "matches": null,
    "matching_answer_incorrect_matches": null
  },
  {
    "id": 1101,
    "quiz_id": 120,
    "quiz_group_id": null,
    "assessment_question_id": 1101,
    "position": null,
    "question_name": "Câu hỏi",
    "question_type": "multiple_choice_question",
    "question_text": "<p>Khi chi phí vượt ngân sách, biện pháp phù hợp nhất là:</p>",
    "points_possible": 1.0,
    "correct_comments": "",
    "incorrect_comments": "",
    "neutral_comments": "",
    "correct_comments_html": "",
    "incorrect_comments_html": "",
    "neutral_comments_html": "",
    "answers": [
      {
        "id": 2313,
        "text": "Phân tích nguyên nhân và điều chỉnh kế hoạch ngân sách",
        "html": "",
        "comments": "",
        "comments_html": "",
        "weight": 100.0
      },
      {
        "id": 821,
        "text": "Tăng thêm chi phí mà không báo cáo",
        "html": "",
        "comments": "",
        "comments_html": "",
        "weight": 0.0
      },
      {
        "id": 6755,
        "text": "Giảm phạm vi không phê duyệt",
        "html": "",
        "comments": "",
        "comments_html": "",
        "weight": 0.0
      },
      {
        "id": 8769,
        "text": "Dừng dự án",
        "html": "",
        "comments": "",
        "comments_html": "",
        "weight": 0.0
      }
    ],
    "variables": null,
    "formulas": null,
    "answer_tolerance": null,
    "formula_decimal_places": null,
    "matches": null,
    "matching_answer_incorrect_matches": null
  }
]